rel_ms,value_mv,normalized
0.0,0.01263739,-0.18505660
3.90625,0.02144061,-0.32224852
7.8125,-0.03039407,-0.39898407
11.71875,-0.00128745,-0.40047237
15.625,0.01265546,-0.35327926
19.53125,0.01683920,-0.30100879
23.4375,0.00858160,-0.27399972
27.34375,0.01882418,-0.27870947
31.25,0.00446084,-0.30638957
35.15625,0.00771911,-0.34449211
39.0625,0.00337127,-0.38102102
42.96875,-0.01153743,-0.40435988
46.875,-0.00868826,-0.40536177
50.78125,0.00614866,-0.38204703
54.6875,-0.00524640,-0.34180418
58.59375,0.01709680,-0.29965273
62.5,0.01746898,-0.27305874
66.40625,0.02366787,-0.27326146
70.3125,0.00189156,-0.29834965
74.21875,0.01893089,-0.33462274
78.125,-0.00842190,-0.36558643
82.03125,-0.00722581,-0.38332954
85.9375,0.00366725,-0.39364991
89.84375,0.00619033,-0.40639821
93.75,-0.01625325,-0.41969961
97.65625,-0.01771275,-0.41993347
101.5625,0.00743810,-0.39884844
105.46875,-0.00704799,-0.36478913
109.375,0.01791952,-0.33519876
113.28125,0.00827464,-0.32110789
117.1875,0.00734701,-0.32002655
121.09375,0.00628268,-0.32280234
125.0,0.01464751,-0.32511657
128.90625,0.00218554,-0.33050716
132.8125,0.01716980,-0.34326524
136.71875,-0.00204877,-0.36054823
140.625,0.00168205,-0.37295207
144.53125,-0.00366438,-0.37334749
148.4375,0.01179310,-0.36349362
152.34375,0.00517108,-0.35093355
156.25,-0.00548760,-0.34190553
160.15625,0.02900111,-0.33769235
164.0625,0.00073274,-0.33418936
167.96875,0.00382028,-0.32601067
171.875,0.01006423,-0.31503952
175.78125,0.02642424,-0.31167218
179.6875,0.00378979,-0.32318148
183.59375,0.01412635,-0.34364191
187.5,0.00699124,-0.35806406
191.40625,-0.01164251,-0.35629061
195.3125,0.01554385,-0.34400454
199.21875,0.01840467,-0.33930266
203.125,0.00339380,-0.35568547
207.03125,0.00620481,-0.38841134
210.9375,-0.01150957,-0.41775095
214.84375,-0.01165325,-0.42511940
218.75,0.00203966,-0.40742126
222.65625,0.01436465,-0.37681818
226.5625,0.00133399,-0.34793910
230.46875,0.01058863,-0.32790670
234.375,0.01881337,-0.31705621
238.28125,0.00846602,-0.31425807
242.1875,0.01432912,-0.32022238
246.09375,0.02493237,-0.33613247
250.0,-0.00726512,-0.35867974
253.90625,0.01675771,-0.37863761
257.8125,-0.01462487,-0.38750643
261.71875,0.01336818,-0.38560602
265.625,0.01087693,-0.38125244
269.53125,0.00225955,-0.38095972
273.4375,-0.00367999,-0.38293013
277.34375,0.00916328,-0.38126564
281.25,0.00590766,-0.37331423
285.15625,0.01329379,-0.36149547
289.0625,0.00300543,-0.35003448
292.96875,0.02284091,-0.33995017
296.875,0.00701992,-0.32609403
300.78125,0.01985018,-0.30128634
304.6875,0.02385498,-0.26480466
308.59375,0.04990471,-0.22312589
312.5,0.02394486,-0.18131895
316.40625,0.04510969,-0.13897325
320.3125,0.07324020,-0.09434095
324.21875,0.06060918,-0.04607305
328.125,0.06317838,0.00739002
332.03125,0.09059494,0.06411643
335.9375,0.09195804,0.11720744
339.84375,0.11227301,0.16139647
343.75,0.09616069,0.19748229
347.65625,0.11223966,0.22605333
351.5625,0.11829020,0.24008547
355.46875,0.12066055,0.22891051
359.375,0.09063646,0.18822016
363.28125,0.11472799,0.12365440
367.1875,0.07905030,0.04821805
371.09375,0.06290883,-0.02214498
375.0,0.06030964,-0.07566061
378.90625,0.06432129,-0.11041984
382.8125,0.04971327,-0.13286717
386.71875,0.05070776,-0.15264200
390.625,0.04416859,-0.17864875
394.53125,0.03589959,-0.21620427
398.4375,0.02396720,-0.26570699
402.34375,0.04475462,-0.32247633
406.25,-0.00672246,-0.37711942
410.15625,-0.00327006,-0.42043504
414.0625,0.00977838,-0.45045045
417.96875,-0.00037220,-0.47056755
421.875,-0.01676279,-0.48134050
425.78125,0.00387067,-0.47860658
429.6875,0.00412387,-0.45750502
433.59375,-0.01643891,-0.41740039
437.5,0.02310625,-0.36843833
441.40625,0.02807873,-0.33214670
445.3125,0.02632715,-0.32906106
449.21875,0.00272020,-0.36669964
453.125,0.00439812,-0.44160879
457.03125,-0.02243878,-0.54623371
460.9375,-0.02366250,-0.66503078
464.84375,-0.05202638,-0.76027173
468.75,-0.04499679,-0.76139039
472.65625,-0.02906273,-0.57182992
476.5625,0.06333055,-0.09795518
480.46875,0.19938241,0.70879972
484.375,0.40078646,1.81416166
488.28125,0.59576893,3.08291698
492.1875,0.81188464,4.29032850
496.09375,0.99650478,5.17205906
500.0,1.04096866,5.50835609
503.90625,0.99176955,5.20683622
507.8125,0.82890773,4.33668423
511.71875,0.60549986,3.09679723
515.625,0.37938052,1.73981977
519.53125,0.16472371,0.49205461
523.4375,-0.00147939,-0.49864382
527.34375,-0.13289818,-1.17687511
531.25,-0.17020838,-1.56179643
535.15625,-0.21905974,-1.71117496
539.0625,-0.20599593,-1.68838978
542.96875,-0.19166291,-1.54927218
546.875,-0.14327297,-1.34469831
550.78125,-0.11484207,-1.12210643
554.6875,-0.07454997,-0.91889012
558.59375,-0.04272532,-0.75449598
562.5,-0.02851987,-0.63024694
566.40625,-0.01045207,-0.53827447
570.3125,0.00481308,-0.47123566
574.21875,0.01104036,-0.42456725
578.125,0.00392050,-0.39389169
582.03125,0.04587676,-0.37352630
585.9375,0.00707983,-0.35690257
589.84375,0.01623791,-0.33996657
593.75,0.05032020,-0.32514098
597.65625,0.01425103,-0.31865126
601.5625,0.03273378,-0.32446563
605.46875,0.03307470,-0.34205320
609.375,0.02451134,-0.36481863
613.28125,0.01202064,-0.38006556
617.1875,0.01302406,-0.37742829
621.09375,0.03442698,-0.35794610
625.0,0.04283987,-0.32955912
628.90625,0.01562865,-0.29601446
632.8125,0.04752890,-0.25724033
636.71875,0.04255360,-0.21792439
640.625,0.06640198,-0.18626237
644.53125,0.06360899,-0.16187088
648.4375,0.05830880,-0.13023601
652.34375,0.06989432,-0.07419827
656.25,0.08323652,0.00770054
660.15625,0.10715853,0.09580314
664.0625,0.13649756,0.16498335
667.96875,0.11380683,0.20710060
671.875,0.12106121,0.23644379
675.78125,0.13866681,0.27338487
679.6875,0.14174347,0.32623500
683.59375,0.16118963,0.38858911
687.5,0.17007543,0.45029902
691.40625,0.17749277,0.50972140
695.3125,0.18006867,0.57523495
699.21875,0.20363474,0.65470767
703.125,0.22452493,0.74545962
707.03125,0.22629248,0.83535415
710.9375,0.25485289,0.91173655
714.84375,0.25873822,0.96975589
718.75,0.25592569,1.01483810
722.65625,0.28761086,1.05765378
726.5625,0.26156613,1.10462737
730.46875,0.29637522,1.15144932
734.375,0.31069928,1.18788886
738.28125,0.29023847,1.21109891
742.1875,0.29559338,1.22909117
746.09375,0.31025276,1.24782515
750.0,0.31694859,1.26162136
753.90625,0.30445293,1.25986147
757.8125,0.30002037,1.23722720
761.71875,0.30473673,1.19541919
765.625,0.29212409,1.14072657
769.53125,0.26851925,1.08196628
773.4375,0.27361578,1.02688384
777.34375,0.26748911,0.97867769
781.25,0.24052563,0.93496531
785.15625,0.25335827,0.88739747
789.0625,0.22901621,0.82456881
792.96875,0.23564658,0.74224371
796.875,0.19726683,0.65275991
800.78125,0.19233276,0.57986242
804.6875,0.17378336,0.53959453
808.59375,0.19467691,0.52524388
812.5,0.18264852,0.51159555
816.40625,0.17329291,0.47319543
820.3125,0.16199841,0.39946455
824.21875,0.14415833,0.29806867
828.125,0.13351859,0.18893468
832.03125,0.09240504,0.09272793
835.9375,0.10730537,0.01969467
839.84375,0.08852782,-0.03198255
843.75,0.08246142,-0.06893702
847.65625,0.06399061,-0.09842030
851.5625,0.08753820,-0.12877330
855.46875,0.06734280,-0.16504286
859.375,0.04186253,-0.20407104
863.28125,0.06062361,-0.24068579
867.1875,0.04886845,-0.27679002
871.09375,0.03305051,-0.31859925
875.0,0.03820076,-0.36619991
878.90625,0.02919347,-0.40818781
882.8125,0.00804006,-0.42789006
886.71875,0.01474699,-0.41911918
890.625,0.03691544,-0.39628556
894.53125,0.03306584,-0.38350472
898.4375,0.03055744,-0.39217889
902.34375,0.01180554,-0.41274241
906.25,0.01759962,-0.42850825
910.15625,0.02462487,-0.43302882
914.0625,0.03137864,-0.43140575
917.96875,0.01235969,-0.42944521
921.875,0.00925137,-0.42879793
925.78125,0.03523659,-0.43105230
929.6875,0.02202397,-0.43755707
933.59375,0.01638565,-0.44367912
937.5,0.01186011,-0.44102120
941.40625,0.01268036,-0.42899567
945.3125,0.03945297,-0.41865358
949.21875,0.03196539,-0.41872194
953.125,0.01523831,-0.42077860
957.03125,0.00514256,-0.40801996
960.9375,0.04022333,-0.38046515
964.84375,0.03894855,-0.36213639
968.75,0.03452849,-0.37742722
972.65625,0.03015745,-0.42353028
976.5625,-0.00260079,-0.47043034
980.46875,0.00454023,-0.48914897
984.375,0.02680516,-0.47760081
988.28125,0.01660115,-0.45665488
992.1875,0.02308132,-0.44564688
996.09375,0.01370684,-0.44749686
1000.0,0.01212501,-0.45403606
1003.90625,0.02664631,-0.45713875
1007.8125,0.01519500,-0.45232180
1011.71875,0.01996700,-0.43776193
1015.625,0.02306088,-0.41631311
1019.53125,0.02277208,-0.39813775
1023.4375,0.03389123,-0.39647421
1027.34375,0.03640170,-0.41648874
1031.25,0.00355518,-0.44795889
1035.15625,0.01673619,-0.47201598
1039.0625,0.01217669,-0.47581059
1042.96875,0.02899412,-0.45979109
1046.875,0.00710268,-0.43489119
1050.78125,0.02921524,-0.41679582
1054.6875,0.02830695,-0.41791013
1058.59375,0.02682376,-0.43738768
1062.5,0.00819192,-0.46003962
1066.40625,0.01728084,-0.46998209
1070.3125,0.00688169,-0.46581316
1074.21875,0.02459843,-0.46044934
1078.125,0.03128877,-0.46543410
1082.03125,0.00157415,-0.47702456
1085.9375,0.00990881,-0.48065415
1089.84375,0.01789501,-0.46832335
1093.75,0.01353547,-0.44767860
1097.65625,0.03792717,-0.43328172
1101.5625,0.01844082,-0.43062398
1105.46875,0.02350414,-0.43036765
1109.375,0.00758707,-0.42041841
1113.28125,0.04013894,-0.40271679
1117.1875,0.02463541,-0.39399427
1121.09375,0.03340197,-0.40863305
1125.0,0.02719807,-0.44191962
1128.90625,0.00345896,-0.47020531
1132.8125,0.01333708,-0.46808946
1136.71875,0.02163382,-0.42682153
1140.625,0.04838110,-0.35713577
1144.53125,0.04332541,-0.27753860
1148.4375,0.06232521,-0.20293918
1152.34375,0.06922825,-0.14152177
1156.25,0.07798027,-0.09591186
1160.15625,0.09544393,-0.06355617
1164.0625,0.09580355,-0.03597736
1167.96875,0.08237453,-0.00135416
1171.875,0.10113441,0.04702409
1175.78125,0.13469344,0.10409876
1179.6875,0.10526690,0.15515755
1183.59375,0.13551262,0.18218613
1187.5,0.13758855,0.17192601
1191.40625,0.10688138,0.12582074
1195.3125,0.11235152,0.06080108
1199.21875,0.08391959,-0.00507298
1203.125,0.10135601,-0.06584115
1207.03125,0.07342697,-0.12451487
1210.9375,0.05754402,-0.18224020
1214.84375,0.05934402,-0.23560247
1218.75,0.05000266,-0.28112531
1222.65625,0.04078971,-0.31712347
1226.5625,0.04352660,-0.34178656
1230.46875,0.03358357,-0.35278803
1234.375,0.02313874,-0.35180107
1238.28125,0.03893391,-0.34989777
1242.1875,0.05388791,-0.36257324
1246.09375,0.02358524,-0.39411524
1250.0,0.01288130,-0.43121088
1253.90625,0.00837725,-0.45736849
1257.8125,0.02664373,-0.47035274
1261.71875,0.01598593,-0.48106873
1265.625,0.01889569,-0.49762574
1269.53125,-0.00550399,-0.51486856
1273.4375,0.00448158,-0.52108312
1277.34375,0.00330384,-0.51394546
1281.25,0.02647104,-0.50723958
1285.15625,0.00696066,-0.52124387
1289.0625,-0.02941644,-0.57056642
1292.96875,-0.00948503,-0.65961730
1296.875,-0.02039004,-0.77176571
1300.78125,-0.03026474,-0.84539336
1304.6875,-0.06737763,-0.76770264
1308.59375,0.02492728,-0.41427603
1312.5,0.14990674,0.28900003
1316.40625,0.32621926,1.32553661
1320.3125,0.53824711,2.57969022
1324.21875,0.74701518,3.84831333
1328.125,0.94684821,4.87469292
1332.03125,1.04139721,5.41536283
1335.9375,1.02989566,5.32494879
1339.84375,0.89884561,4.61508656
1343.75,0.68091673,3.45001793
1347.65625,0.45826864,2.08186746
1351.5625,0.21358205,0.76352715
1355.46875,0.03648565,-0.32123885
1359.375,-0.08746067,-1.08921778
1363.28125,-0.16379645,-1.54768097
1367.1875,-0.21651225,-1.75699246
1371.09375,-0.20612760,-1.78997314
1375.0,-0.19889788,-1.70607936
1378.90625,-0.18174541,-1.54630578
1382.8125,-0.12834877,-1.34215260
1386.71875,-0.09925196,-1.12260354
1390.625,-0.06495601,-0.91236496
1394.53125,-0.04347926,-0.73063952
1398.4375,0.00919622,-0.59282959
1402.34375,0.01522189,-0.50584036
1406.25,-0.00795684,-0.46127310
1410.15625,0.02843068,-0.44032213
1414.0625,0.02869944,-0.42524910
1417.96875,0.01406503,-0.40503776
1421.875,0.02545206,-0.37838846
1425.78125,0.04720237,-0.35549113
1429.6875,0.02468910,-0.35076129
1433.59375,0.02747621,-0.37039837
1437.5,0.03725437,-0.40618110
1441.40625,0.01299321,-0.43831432
1445.3125,0.01212618,-0.44680703
1449.21875,0.01263284,-0.42684129
1453.125,0.03120499,-0.39308566
1457.03125,0.04558350,-0.36452931
1460.9375,0.02821612,-0.34546629
1464.84375,0.02597032,-0.32483676
1468.75,0.04939124,-0.29209563
1472.65625,0.04751283,-0.24811995
1476.5625,0.06475156,-0.20197426
1480.46875,0.06209935,-0.16291097
1484.375,0.06818536,-0.13496722
1488.28125,0.07673595,-0.11300562
1492.1875,0.08614677,-0.08087179
1496.09375,0.08274568,-0.01868819
1500.0,0.09001160,0.07844169
1503.90625,0.13233253,0.18722051
1507.8125,0.16065478,0.27123603
1511.71875,0.14781556,0.31527025
1515.625,0.12603129,0.33807221
1519.53125,0.15750831,0.36781055
1523.4375,0.18322709,0.41484922
1527.34375,0.16144881,0.47283030
1531.25,0.18702419,0.53486639
1535.15625,0.19984090,0.60146272
1539.0625,0.20540553,0.67748386
1542.96875,0.21763797,0.76375633
1546.875,0.25065160,0.85089374
1550.78125,0.24321501,0.92395496
1554.6875,0.25529134,0.97426033
1558.59375,0.28712580,1.00704837
1562.5,0.26377681,1.03953147
1566.40625,0.25732625,1.08675671
1570.3125,0.29321983,1.14308751
1574.21875,0.31343418,1.18315899
1578.125,0.29426637,1.18825424
1582.03125,0.29649073,1.16803789
1585.9375,0.27701190,1.15139902
1589.84375,0.27947313,1.15641701
1593.75,0.30520475,1.17073607
1597.65625,0.29827285,1.16280341
1601.5625,0.28447494,1.11257267
1605.46875,0.26275828,1.02962911
1609.375,0.24813129,0.94248444
1613.28125,0.24085730,0.87373632
1617.1875,0.22945331,0.82584238
1621.09375,0.24029273,0.78729039
1625.0,0.21226396,0.74782950
1628.90625,0.20411138,0.70438987
1632.8125,0.20642141,0.65481937
1636.71875,0.19402654,0.59353799
1640.625,0.17432299,0.51599002
1644.53125,0.16734192,0.42416173
1648.4375,0.14970012,0.32754868
1652.34375,0.11471651,0.23961510
1656.25,0.12572733,0.17032118
1660.15625,0.11072483,0.12017269
1664.0625,0.10120227,0.08180813
1667.96875,0.09860305,0.04608561
1671.875,0.07971374,0.00649341
1675.78125,0.09265715,-0.03901707
1679.6875,0.06796343,-0.08742534
1683.59375,0.06471340,-0.13211653
1687.5,0.05999763,-0.16715208
1691.40625,0.04788338,-0.19207193
1695.3125,0.05225247,-0.21392395
1699.21875,0.04863393,-0.24340931
1703.125,0.04272192,-0.28542185
1707.03125,0.02266636,-0.33316392
1710.9375,0.01680859,-0.37510166
1714.84375,0.01732294,-0.40744171
1718.75,0.02198409,-0.43522370
1722.65625,-0.00292454,-0.46121147
1726.5625,0.00738241,-0.47933435
1730.46875,0.00195888,-0.48066214
1734.375,0.00618779,-0.46275550
1738.28125,0.00191230,-0.43375492
1742.1875,0.02171199,-0.41000858
1746.09375,0.01637107,-0.40694183
1750.0,0.02171946,-0.42625225
1753.90625,-0.00234362,-0.45075983
1757.8125,-0.00040124,-0.45675388
1761.71875,0.00489926,-0.43592775
1765.625,0.02800849,-0.40359864
1769.53125,0.02792653,-0.38243201
1773.4375,0.00001522,-0.38161105
1777.34375,0.01476963,-0.39536640
1781.25,0.03279537,-0.41406783
1785.15625,-0.00557297,-0.42901415
1789.0625,0.00432707,-0.43355253
1792.96875,0.02206557,-0.42732483
1796.875,0.01499804,-0.41592059
1800.78125,-0.00579857,-0.40575436
1804.6875,0.02429311,-0.40308750
1808.59375,0.01771723,-0.41266808
1812.5,0.01409809,-0.43058768
1816.40625,-0.00926473,-0.44340694
1820.3125,0.00354441,-0.44072658
1824.21875,0.02125337,-0.42573956
1828.125,0.01119748,-0.40997532
1832.03125,0.01477733,-0.40153956
1835.9375,0.00184874,-0.40146589
1839.84375,0.02310830,-0.40711355
1843.75,0.00192773,-0.41499409
1847.65625,0.01579797,-0.42240021
1851.5625,0.00847874,-0.42912328
1855.46875,-0.00711704,-0.43751311
1859.375,0.02219245,-0.45009905
1863.28125,-0.01090962,-0.46688932
1867.1875,-0.00473867,-0.48563313
1871.09375,0.00568897,-0.50376248
1875.0,-0.01302122,-0.51732558
1878.90625,-0.01796263,-0.52015156
1882.8125,0.00217956,-0.50777143
1886.71875,-0.00166875,-0.48008832
1890.625,0.00002630,-0.44024533
1894.53125,0.00923077,-0.39593562
1898.4375,0.03021950,-0.36117584
1902.34375,-0.00206964,-0.35167801
1906.25,0.03221605,-0.37638488
1910.15625,0.00558325,-0.43028596
1914.0625,0.00139847,-0.49173686
1917.96875,-0.03002758,-0.53113347
1921.875,-0.01607786,-0.53046721
1925.78125,0.00535977,-0.49637273
1929.6875,0.00885278,-0.45272416
1933.59375,-0.00783194,-0.42307055
1937.5,0.00592348,-0.42041713
1941.40625,0.01334673,-0.44390988
1945.3125,-0.00375262,-0.47676566
1949.21875,-0.01566470,-0.49341145
1953.125,-0.00679064,-0.47875643
1957.03125,0.00308573,-0.44117618
1960.9375,0.01253119,-0.40314656
1964.84375,0.02163177,-0.37894532
1968.75,0.00531101,-0.36225837
1972.65625,0.02204042,-0.33458748
1976.5625,0.02476311,-0.28426009
1980.46875,0.03561144,-0.21782492
1984.375,0.05666747,-0.15478247
1988.28125,0.06796366,-0.11049721
1992.1875,0.05597014,-0.08289798
1996.09375,0.06363500,-0.05692292
2000.0,0.07131476,-0.02135720
2003.90625,0.08087856,0.02095959
2007.8125,0.08825068,0.05757951
2011.71875,0.09520941,0.07775634
2015.625,0.09292454,0.08132891
2019.53125,0.08541390,0.07956226
2023.4375,0.08118642,0.08482714
2027.34375,0.09068567,0.09562460
2031.25,0.11227484,0.09421258
2035.15625,0.08125632,0.06357206
2039.0625,0.07311242,0.00495744
2042.96875,0.05995535,-0.06509966
2046.875,0.04438796,-0.13306350
2050.78125,0.06146296,-0.19856611
2054.6875,0.02558153,-0.26570123
2058.59375,0.01056950,-0.33071733
2062.5,0.00143798,-0.38447201
2066.40625,0.01357088,-0.42321405
2070.3125,-0.00457239,-0.45011774
2074.21875,-0.00614264,-0.46811593
2078.125,-0.00841606,-0.47669592
2082.03125,-0.01548962,-0.47584713
2085.9375,0.00107618,-0.47065657
2089.84375,-0.02199737,-0.47054952
2093.75,0.02493731,-0.48132706
2097.65625,-0.03609918,-0.49649450
2101.5625,-0.02002636,-0.50116223
2105.46875,-0.00289213,-0.48772565
2109.375,0.00072029,-0.46384686
2113.28125,-0.01000470,-0.44604114
2117.1875,-0.00627882,-0.45229581
2121.09375,-0.01559563,-0.49853957
2125.0,-0.02997749,-0.59113348
2128.90625,-0.04289556,-0.71342176
2132.8125,-0.06281495,-0.81265378
2136.71875,-0.06510784,-0.79635316
2140.625,-0.02586028,-0.54787487
2144.53125,0.08238909,0.03490241
2148.4375,0.22873229,0.98618782
2152.34375,0.44876373,2.22618103
2156.25,0.69178283,3.55281711
2160.15625,0.88119519,4.68997860
2164.0625,1.01847506,5.37641764
2167.96875,1.01595104,5.45308161
2171.875,0.92642325,4.91035128
2175.78125,0.74207574,3.88034725
2179.6875,0.50715131,2.58360815
2183.59375,0.27979389,1.25531065
2187.5,0.09404165,0.08256605
2191.40625,-0.07528233,-0.82507837
2195.3125,-0.17865980,-1.43274140
2199.21875,-0.22173823,-1.75947785
2203.125,-0.26181069,-1.85341918
2207.03125,-0.23495561,-1.77353323
2210.9375,-0.19153467,-1.58066308
2214.84375,-0.16661982,-1.33197236
2218.75,-0.11839820,-1.07699740
2222.65625,-0.08292047,-0.85644162
2226.5625,-0.04325509,-0.69862485
2230.46875,-0.03021991,-0.61046332
2234.375,-0.01992598,-0.57214737
2238.28125,-0.05400652,-0.54887819
2242.1875,-0.01569701,-0.51650614
2246.09375,0.00158390,-0.47619632
2250.0,-0.00727387,-0.44301477
2253.90625,-0.01360922,-0.42628914
2257.8125,0.00705530,-0.42313844
2261.71875,-0.01353095,-0.42339468
2265.625,-0.00601273,-0.41772240
2269.53125,0.00750908,-0.40509909
2273.4375,-0.00541689,-0.39336878
2277.34375,0.00457391,-0.39080936
2281.25,0.00434105,-0.39636302
2285.15625,-0.00745111,-0.39786348
2289.0625,0.00339348,-0.38144368
2292.96875,0.00851898,-0.34475446
2296.875,0.00878375,-0.30119699
2300.78125,0.03382198,-0.26959240
2304.6875,0.02510410,-0.25633663
2308.59375,0.02294322,-0.24670431
2312.5,0.01976615,-0.21750334
2316.40625,0.03900801,-0.16017000
2320.3125,0.06566903,-0.08850347
2324.21875,0.05397604,-0.02368308
2328.125,0.07502728,0.02380244
2332.03125,0.08034027,0.05805000
2335.9375,0.07823249,0.09026257
2339.84375,0.08313702,0.12995636
2343.75,0.11163212,0.18140872
2347.65625,0.09601860,0.24580362
2351.5625,0.13449402,0.32266545
2355.46875,0.12511729,0.40759513
2359.375,0.16153942,0.49225822
2363.28125,0.15854308,0.56939989
2367.1875,0.17411348,0.63695711
2371.09375,0.19952337,0.69769436
2375.0,0.18633671,0.75734681
2378.90625,0.20992483,0.82193381
2382.8125,0.21589543,0.89281267
2386.71875,0.23547098,0.96359521
2390.625,0.24678919,1.02412558
2394.53125,0.24943265,1.06890762
2398.4375,0.25520137,1.10114419
2402.34375,0.25340968,1.12743688
2406.25,0.26979038,1.14920259
2410.15625,0.26264518,1.16103065
2414.0625,0.26857692,1.15761995
2417.96875,0.26939100,1.14158714
2421.875,0.24961287,1.12349176
2425.78125,0.24971130,1.11190796
2429.6875,0.26189822,1.10307181
2433.59375,0.25374001,1.08398592
2437.5,0.26246285,1.04776275
2441.40625,0.21068040,1.00225103
2445.3125,0.23366632,0.96007633
2449.21875,0.23464215,0.92366040
2453.125,0.21237174,0.88399243
2457.03125,0.20966718,0.83009505
2460.9375,0.18911156,0.75589567
2464.84375,0.17637645,0.66232902
2468.75,0.17581140,0.55884898
2472.65625,0.13739164,0.46265066
2476.5625,0.11395258,0.38961199
2480.46875,0.13449846,0.34139878
2484.375,0.11854555,0.30446836
2488.28125,0.10706429,0.26313719
2492.1875,0.09817490,0.21049224
2496.09375,0.09176115,0.14841563
2500.0,0.06880765,0.08211859
2503.90625,0.07064047,0.01548904
2507.8125,0.06001977,-0.04896687
2511.71875,0.03445226,-0.10682087
2515.625,0.03887451,-0.15198238
2519.53125,0.03706880,-0.18143693
2523.4375,0.01814701,-0.19797896
2527.34375,0.03437047,-0.20914233
2531.25,0.01326370,-0.22522271
2535.15625,0.02191030,-0.25602522
2539.0625,0.02565166,-0.30343422
2542.96875,-0.01291012,-0.35427177
2546.875,-0.01422655,-0.38630003
2550.78125,0.00588805,-0.38707882
2554.6875,-0.00576518,-0.36559561
2558.59375,0.00060177,-0.34480804
2562.5,0.01332247,-0.34417120
2566.40625,-0.01461426,-0.36683342
2570.3125,0.00017776,-0.40011179
2574.21875,-0.01427924,-0.42633343
2578.125,-0.01982872,-0.43362230
2582.03125,-0.00726784,-0.42113903
2585.9375,-0.01049069,-0.39887169
2589.84375,-0.00124993,-0.38247567
2593.75,-0.01085110,-0.38513267
2597.65625,-0.00453508,-0.40969896
2601.5625,-0.00903945,-0.44492444
2605.46875,-0.03592620,-0.47107747
2609.375,-0.02011904,-0.47507757
2613.28125,-0.01983988,-0.46197191
2617.1875,-0.00549677,-0.44950497
2621.09375,-0.02883690,-0.45195562
2625.0,-0.01417276,-0.46953550
2628.90625,-0.02146942,-0.48909444
2632.8125,-0.03836840,-0.49366295
2636.71875,-0.01854490,-0.47630978
2640.625,-0.00919139,-0.44657314
2644.53125,-0.02127408,-0.42146227
2648.4375,-0.00588067,-0.41163006
2652.34375,-0.01241893,-0.41654301
2656.25,-0.01337035,-0.42868939
2660.15625,-0.02327765,-0.44073987
2664.0625,-0.01918407,-0.45076817
2667.96875,-0.01171784,-0.46068811
2671.875,-0.01708713,-0.46865588
2675.78125,-0.03213754,-0.46613836
2679.6875,-0.01956424,-0.44712681
2683.59375,-0.01277866,-0.41946825
2687.5,-0.00415544,-0.40237910
2691.40625,-0.00760149,-0.41069329
2695.3125,-0.02944579,-0.44211927
2699.21875,-0.00943784,-0.47858769
2703.125,-0.03704926,-0.49793562
2707.03125,-0.02564713,-0.48777312
2710.9375,-0.02767157,-0.45480141
2714.84375,0.00021878,-0.42107829
2718.75,-0.00984112,-0.40624121
2722.65625,-0.01453615,-0.41172692
2726.5625,-0.02556423,-0.42330337
2730.46875,-0.00335524,-0.42673185
2734.375,-0.02117637,-0.41914999
2738.28125,-0.01261811,-0.40943855
2742.1875,-0.00508851,-0.41104385
2746.09375,-0.02192486,-0.43113098
2750.0,-0.01188819,-0.46311352
2753.90625,-0.04207304,-0.49017501
2757.8125,-0.01142653,-0.49686322
2761.71875,-0.03862074,-0.47851458
2765.625,-0.01327739,-0.44383010
2769.53125,-0.01453668,-0.41148138
2773.4375,-0.01196396,-0.39998969
2777.34375,0.01054022,-0.41307345
2781.25,-0.04620755,-0.43364853
2785.15625,-0.00975898,-0.43824065
2789.0625,-0.01835763,-0.41937217
2792.96875,-0.00230689,-0.39019495
2796.875,-0.00458558,-0.36801150
2800.78125,-0.00317007,-0.35728925
2804.6875,-0.00553449,-0.34793675
2808.59375,-0.00203379,-0.32613805
2812.5,0.01778959,-0.28524092
2816.40625,0.00351396,-0.22897263
2820.3125,0.04329631,-0.16790412
2824.21875,0.03286736,-0.11171149
2828.125,0.05468165,-0.06150784
2832.03125,0.04399433,-0.01038855
2835.9375,0.07180118,0.04640907
2839.84375,0.07020342,0.10270162
2843.75,0.08706374,0.14436840
2847.65625,0.09511099,0.16163616
2851.5625,0.07415249,0.15721640
2855.46875,0.07971542,0.14031599
2859.375,0.07691644,0.11440974
2863.28125,0.08506469,0.07545061
2867.1875,0.04416387,0.02050131
2871.09375,0.05792553,-0.04722711
2875.0,0.04113893,-0.11971151
2878.90625,0.01755319,-0.18583712
2882.8125,0.01898842,-0.23550117
2886.71875,0.00666969,-0.26693964
2890.625,0.02062308,-0.28834635
2894.53125,-0.01018044,-0.31063837
2898.4375,0.00817090,-0.34019691
2902.34375,-0.01370257,-0.37727401
2906.25,-0.00327151,-0.41701958
2910.15625,-0.03433524,-0.45173645
2914.0625,-0.02477275,-0.47571394
2917.96875,-0.01498633,-0.48799953
2921.875,-0.02878284,-0.48889494
2925.78125,-0.03707451,-0.47793508
2929.6875,-0.01857691,-0.45909196
2933.59375,-0.00971482,-0.44243771
2937.5,-0.01921899,-0.43517992
2941.40625,-0.02229909,-0.43480331
2945.3125,-0.01597569,-0.43591276
2949.21875,-0.02874140,-0.44339758
2953.125,-0.01886469,-0.47611943
2957.03125,-0.02841721,-0.55302215
2960.9375,-0.07416806,-0.66961825
2964.84375,-0.06424197,-0.78177452
2968.75,-0.07467733,-0.80444026
2972.65625,-0.05451010,-0.62556458
2976.5625,0.02608861,-0.13976678
2980.46875,0.17341195,0.70187587
2984.375,0.37573233,1.84884799
2988.28125,0.60114539,3.14032102
2992.1875,0.79741400,4.33566666
2996.09375,0.97423381,5.17850876
3000.0,0.99433124,5.47333670
3003.90625,0.96418053,5.14648628
3007.8125,0.80012113,4.26962328
3011.71875,0.58136582,3.03645515
3015.625,0.32381248,1.69496047
3019.53125,0.14146568,0.46188906
3023.4375,-0.02575758,-0.53184116
3027.34375,-0.15366510,-1.24031627
3031.25,-0.24199942,-1.67154527
3035.15625,-0.25079152,-1.86059952
3039.0625,-0.26367390,-1.85438013
3042.96875,-0.24865110,-1.70490336
3046.875,-0.20149931,-1.47019911
3050.78125,-0.12306410,-1.21131444
3054.6875,-0.12945274,-0.97690207
3058.59375,-0.08323211,-0.79100484
3062.5,-0.05263470,-0.65754914
3066.40625,-0.02730339,-0.56948805
3070.3125,-0.04053140,-0.51263469
3074.21875,-0.03457437,-0.47201502
3078.125,-0.00902356,-0.44114572
3082.03125,-0.01463464,-0.42180499
3085.9375,-0.00194988,-0.41399041
3089.84375,-0.02967749,-0.41125876
3093.75,-0.01609774,-0.40830004
3097.65625,-0.00258136,-0.40842751
3101.5625,-0.01091889,-0.41818810
3105.46875,-0.02433627,-0.43543497
3109.375,-0.00760647,-0.44577858
3113.28125,-0.02965347,-0.43177012
3117.1875,-0.01375199,-0.38869101
3121.09375,0.00748896,-0.33346796
3125.0,0.01212675,-0.29337969
3128.90625,0.00993112,-0.28144178
3132.8125,0.01750995,-0.28323078
3136.71875,-0.00415647,-0.26935458
3140.625,0.01128159,-0.22327809
3144.53125,0.03737924,-0.15830714
3148.4375,0.05870141,-0.10418533
3152.34375,0.04369769,-0.07564491
3156.25,0.03493324,-0.05870067
3160.15625,0.04270862,-0.02944112
3164.0625,0.07750989,0.02102833
3167.96875,0.08562670,0.08575256
3171.875,0.06818976,0.15782519
3175.78125,0.09491374,0.23527454
3179.6875,0.12089205,0.31268811
3183.59375,0.13260461,0.37953356
3187.5,0.12129333,0.42884001
3191.40625,0.13739108,0.46314466
3195.3125,0.15717338,0.49459389
3199.21875,0.15055944,0.54253399
3203.125,0.15611617,0.62307781
3207.03125,0.17909932,0.73147702
3210.9375,0.21300834,0.83738005
3214.84375,0.22226655,0.90625221
3218.75,0.22496642,0.92936414
3222.65625,0.21443735,0.93233579
3226.5625,0.21320565,0.95285398
3230.46875,0.23142250,1.00746167
3234.375,0.25030032,1.07796311
3238.28125,0.26694754,1.12959230
3242.1875,0.24748404,1.14167631
3246.09375,0.26102871,1.12133992
3250.0,0.23936333,1.09180534
3253.90625,0.23484048,1.07072783
3257.8125,0.25791174,1.05886281
3261.71875,0.24024573,1.04678059
3265.625,0.23724441,1.02750051
3269.53125,0.21641102,0.99906129
3273.4375,0.24610972,0.96051854
3277.34375,0.20658910,0.91352814
3281.25,0.21917152,0.86559469
3285.15625,0.19089888,0.82456088
3289.0625,0.19354591,0.78937197
3292.96875,0.20296381,0.75067973
3296.875,0.17820154,0.70147085
3300.78125,0.16486852,0.64273155
3304.6875,0.16217525,0.57720584
3308.59375,0.14585331,0.50377136
3312.5,0.14426531,0.42197540
3316.40625,0.09846836,0.33734277
3320.3125,0.12091736,0.25826776
3324.21875,0.09451533,0.19081390
3328.125,0.07079514,0.13690865
3332.03125,0.08049335,0.09184840
3335.9375,0.07036810,0.04353129
3339.84375,0.05505656,-0.01941190
3343.75,0.05727819,-0.09553365
3347.65625,0.02375997,-0.16743714
3351.5625,0.01270691,-0.21418014
3355.46875,0.01917074,-0.23059928
3359.375,0.03370829,-0.23295017
3363.28125,0.02191028,-0.24274698
3367.1875,0.01105750,-0.26759130
3371.09375,-0.00057714,-0.30014732
3375.0,0.00334802,-0.33117986
3378.90625,0.01432487,-0.35695347
3382.8125,-0.00899607,-0.37499991
3386.71875,-0.01167875,-0.38116682
3390.625,-0.00140025,-0.37515685
3394.53125,-0.00050150,-0.36528277
3398.4375,-0.00800127,-0.36524740
3402.34375,0.00636747,-0.38578001
3406.25,-0.00937784,-0.42492428
3410.15625,-0.02421938,-0.46453243
3414.0625,-0.03961989,-0.48237753
3417.96875,0.00035104,-0.47096872
3421.875,-0.01609123,-0.44099200
3425.78125,-0.01049285,-0.40801704
3429.6875,-0.00918552,-0.38222733
3433.59375,0.00139481,-0.36917853
3437.5,-0.00235852,-0.37235460
3441.40625,-0.00297809,-0.39159754
3445.3125,-0.01144831,-0.42056012
3449.21875,-0.01752442,-0.44725353
3453.125,-0.01155038,-0.45862895
3457.03125,-0.02451048,-0.44817981
3460.9375,-0.01025756,-0.42316183
3464.84375,-0.00177092,-0.40368417
3468.75,-0.00587514,-0.40903687
3472.65625,-0.01262705,-0.44100437
3476.5625,-0.02484519,-0.48079747
3480.46875,-0.02486397,-0.50338507
3484.375,-0.02290457,-0.49607456
3488.28125,-0.01899833,-0.46584284
3492.1875,-0.00876363,-0.43170363
3496.09375,-0.00812797,-0.41088164
3500.0,-0.00704287,-0.40970111
3503.90625,-0.00173658,-0.42278022
3507.8125,-0.02543661,-0.43844163
3511.71875,-0.01621496,-0.44761199
3515.625,-0.00726504,-0.44967264
3519.53125,-0.00400147,-0.44814777
3523.4375,-0.02149709,-0.44268346
3527.34375,-0.02169394,-0.43115306
3531.25,0.00043645,-0.41873854
3535.15625,-0.00496609,-0.41713548
3539.0625,-0.00769481,-0.43185392
3542.96875,-0.01635917,-0.45401508
3546.875,-0.02428573,-0.46715355
3550.78125,-0.01312018,-0.46144673
3554.6875,-0.00896761,-0.44071206
3558.59375,-0.00662162,-0.41684151
3562.5,-0.00217605,-0.39994493
3566.40625,-0.01104957,-0.39442196
3570.3125,0.00265740,-0.40147984
3574.21875,-0.01620141,-0.42168108
3578.125,-0.00804541,-0.45359638
3582.03125,-0.01118434,-0.48986372
3585.9375,-0.03323190,-0.51593852
3589.84375,-0.02733183,-0.51711720
3593.75,-0.01789324,-0.49019414
3597.65625,-0.00961319,-0.44798052
3601.5625,-0.00718273,-0.41188183
3605.46875,0.00454189,-0.39846721
3609.375,-0.01033689,-0.40926573
3613.28125,-0.01326171,-0.43177322
3617.1875,-0.00438920,-0.45090076
3621.09375,-0.02116631,-0.45916075
3625.0,-0.00679843,-0.45666206
3628.90625,-0.01370036,-0.44381347
3632.8125,0.00275801,-0.41538966
3636.71875,-0.00162182,-0.36294594
3640.625,0.00745663,-0.28548753
3644.53125,0.04204767,-0.19788039
3648.4375,0.04034541,-0.12502860
3652.34375,0.06562961,-0.08422369
3656.25,0.04746539,-0.07198168
3660.15625,0.05262683,-0.06806865
3664.0625,0.05467949,-0.05264370
3667.96875,0.07226221,-0.02027339
3671.875,0.05906292,0.01943575
3675.78125,0.08667494,0.05086500
3679.6875,0.08240033,0.06353948
3683.59375,0.07426201,0.05868044
3687.5,0.06744684,0.04485260
3691.40625,0.07456773,0.02688924
3695.3125,0.07481322,0.00258650
3699.21875,0.07190416,-0.02858688
3703.125,0.04437928,-0.05885713
3707.03125,0.05402956,-0.07968257
3710.9375,0.04899149,-0.09467399
3714.84375,0.06265074,-0.11989464
3718.75,0.03217467,-0.16951191
3722.65625,0.03130978,-0.24238986
3726.5625,0.00532749,-0.32196316
3730.46875,0.00845804,-0.38678136
3734.375,-0.00454917,-0.42204782
3738.28125,-0.00919587,-0.42607376
3742.1875,0.00411283,-0.41038638
3746.09375,-0.00637509,-0.39401194
3750.0,0.01242071,-0.39396414
3753.90625,-0.00617395,-0.41584671
3757.8125,-0.00131034,-0.44986194
3761.71875,-0.02121741,-0.47699261
3765.625,-0.01883078,-0.48325437
3769.53125,0.00093025,-0.47011691
3773.4375,-0.01536527,-0.45130971
3777.34375,0.00734466,-0.44160017
3781.25,-0.01955820,-0.45122659
3785.15625,-0.02512296,-0.48935857
3789.0625,-0.00114706,-0.56465042
3792.96875,-0.05997660,-0.67346084
3796.875,-0.06430498,-0.78535336
3800.78125,-0.06373221,-0.83780873
3804.6875,-0.05047684,-0.73943293
3808.59375,-0.01414130,-0.38628986
3812.5,0.14233272,0.30045766
3816.40625,0.29019293,1.32700670
3820.3125,0.49502215,2.59158850
3824.21875,0.75652075,3.88071561
3828.125,0.92353022,4.91467714
3832.03125,1.02342808,5.43787622
3835.9375,1.00976086,5.31411934
3839.84375,0.85815156,4.57763577
3843.75,0.65317494,3.41247368
3847.65625,0.42500812,2.07298636
3851.5625,0.21462236,0.79308218
3855.46875,0.00742595,-0.27132639
3859.375,-0.09113710,-1.05336642
3863.28125,-0.18743972,-1.55067515
3867.1875,-0.24703991,-1.79129732
3871.09375,-0.24116212,-1.81687129
3875.0,-0.21762577,-1.68400800
3878.90625,-0.17604195,-1.46271205
3882.8125,-0.13924496,-1.22156417
3886.71875,-0.09514577,-1.00899410
3890.625,-0.07490716,-0.84321237
3894.53125,-0.03719920,-0.71660811
3898.4375,-0.05880231,-0.61284274
3902.34375,-0.00281623,-0.52562934
3906.25,-0.00824791,-0.46276131
3910.15625,0.01533104,-0.43189698
3914.0625,-0.00853164,-0.42640921
3917.96875,-0.00568211,-0.42867237
3921.875,0.00168455,-0.42457518
3925.78125,0.01201905,-0.41072297
3929.6875,0.00742444,-0.38908735
3933.59375,0.01717990,-0.36031070
3937.5,0.00703376,-0.32553405
3941.40625,0.02074915,-0.29338318
3945.3125,0.04392124,-0.27905518
3949.21875,0.02769511,-0.28955179
3953.125,0.02305083,-0.31080690
3957.03125,0.00136232,-0.31753421
3960.9375,0.03001027,-0.29883233
3964.84375,0.03954198,-0.26890746
3968.75,0.02904156,-0.24966209
3972.65625,0.04877958,-0.24643631
3976.5625,0.01580662,-0.24370305
3980.46875,0.04015666,-0.22268626
3984.375,0.04404127,-0.17926103
3988.28125,0.06911807,-0.12282815
3992.1875,0.06117732,-0.06246838
3996.09375,0.06814971,-0.00039832
4000.0,0.10668124,0.06415245
4003.90625,0.08164421,0.13138559
4007.8125,0.11556716,0.19912653
4011.71875,0.13365473,0.26127586
4015.625,0.12866125,0.31229034
4019.53125,0.13278680,0.35512933
4023.4375,0.15338093,0.40191510
4027.34375,0.16085497,0.46677312
4031.25,0.17043540,0.55751008
4035.15625,0.19472122,0.66947061
4039.0625,0.20337488,0.78475082
4042.96875,0.25280097,0.88129330
4046.875,0.24195679,0.94879556
4050.78125,0.23903257,0.99569941
4054.6875,0.25318170,1.03662419
4058.59375,0.27529618,1.07551789
4062.5,0.27691406,1.10673654
4066.40625,0.27004859,1.12900877
4070.3125,0.26538411,1.14960980
4074.21875,0.30005845,1.17456555
4078.125,0.28140628,1.20098221
4082.03125,0.28572154,1.21970356
4085.9375,0.29905236,1.22234666
4089.84375,0.28346151,1.20687687
4093.75,0.29385573,1.17868567
4097.65625,0.27059960,1.14589834
4101.5625,0.27081451,1.11221778
4105.46875,0.25952974,1.07292879
4109.375,0.27923420,1.01854873
4113.28125,0.22784005,0.94440234
4117.1875,0.23331964,0.85668856
4121.09375,0.21463473,0.76993829
4125.0,0.20545390,0.69983476
4128.90625,0.18735935,0.65395206
4132.8125,0.18125041,0.62312829
4136.71875,0.19369882,0.58422238
4140.625,0.18456909,0.51924354
4144.53125,0.14742602,0.43309575
4148.4375,0.12885348,0.34708798
4152.34375,0.12633577,0.27493799
4156.25,0.14069992,0.21231015
4160.15625,0.10955829,0.15057124
4164.0625,0.07471877,0.09058971
4167.96875,0.10094499,0.03818931
4171.875,0.08032394,-0.00553258
4175.78125,0.08083314,-0.04385546
4179.6875,0.07062472,-0.08007444
4183.59375,0.04307454,-0.11827912
4187.5,0.06445384,-0.16558172
4191.40625,0.05436311,-0.22697315
4195.3125,0.03297351,-0.29526317
4199.21875,0.00906428,-0.35123312
4203.125,0.01816864,-0.37903661
4207.03125,0.01480140,-0.38061470
4210.9375,0.03347776,-0.37291357
4214.84375,0.01532175,-0.37164238
4218.75,0.01464154,-0.37909216
4222.65625,0.01827668,-0.38718528
4226.5625,0.01077997,-0.38995573
4230.46875,0.01927827,-0.39130294
4234.375,0.01712444,-0.39975008
4238.28125,0.02360797,-0.41546372
4242.1875,-0.00335141,-0.42541939
4246.09375,0.01500046,-0.41568065
4250.0,0.00694027,-0.38849205
4253.90625,0.03511550,-0.36415118
4257.8125,0.02705534,-0.36490068
4261.71875,0.00436913,-0.39730132
4265.625,0.02048949,-0.44764042
4269.53125,-0.01217410,-0.49067423
4273.4375,-0.00383955,-0.50578439
4277.34375,0.00559575,-0.49126691
4281.25,0.01198404,-0.46390241
4285.15625,-0.00444784,-0.44447297
4289.0625,0.00924823,-0.44536287
4292.96875,0.02386656,-0.46655917
4296.875,-0.01036161,-0.49526587
4300.78125,-0.00723552,-0.51263577
4304.6875,-0.01391320,-0.50931865
4308.59375,0.02287294,-0.49384958
4312.5,-0.00368890,-0.48180211
4316.40625,0.00462900,-0.47918725
4320.3125,-0.00130131,-0.47926301
4324.21875,0.00833324,-0.47207761
4328.125,0.00550855,-0.45415697
4332.03125,0.01181523,-0.43166399
4335.9375,0.01174355,-0.41684750
4339.84375,0.02897072,-0.41927233
4343.75,-0.00142538,-0.43733194
4347.65625,0.01208800,-0.45793250
4351.5625,0.00911420,-0.46496123
4355.46875,-0.00079287,-0.45001939
4359.375,0.02029492,-0.41910687
4363.28125,0.03217600,-0.38976881
4367.1875,-0.00288950,-0.37997675
4371.09375,0.03976336,-0.39846995
4375.0,0.00874539,-0.44009051
4378.90625,0.00959905,-0.48532364
4382.8125,-0.02056400,-0.50997370
4386.71875,0.01154327,-0.50273407
4390.625,0.00937311,-0.47319737
4394.53125,0.00786780,-0.44253120
4398.4375,0.01906292,-0.42865524
4402.34375,0.00906576,-0.43720731
4406.25,0.01567939,-0.45949882
4410.15625,0.00350489,-0.47742522
4414.0625,-0.00213707,-0.47569495
4417.96875,0.01294631,-0.45457020
4421.875,0.01873796,-0.43048620
4425.78125,0.02021086,-0.42150426
4429.6875,0.01336710,-0.43191439
4433.59375,0.00347149,-0.45154572
4437.5,0.01325025,-0.46763104
4441.40625,0.01014893,-0.47434962
4445.3125,-0.00112030,-0.47267997
4449.21875,0.01895082,-0.46530917
4453.125,0.01424669,-0.45215833
4457.03125,0.00512304,-0.43063846
4460.9375,0.01737689,-0.40217248
4464.84375,0.03157735,-0.37513083
4468.75,0.04680217,-0.35436222
4472.65625,0.01228713,-0.33040044
4476.5625,0.03625449,-0.28872907
4480.46875,0.05477574,-0.22970127
4484.375,0.07054089,-0.17046326
4488.28125,0.07040412,-0.12614624
4492.1875,0.06303737,-0.09616401
4496.09375,0.07881438,-0.06986180
4500.0,0.09318390,-0.03816665
4503.90625,0.09193322,0.00351671
4507.8125,0.09489139,0.05604894
4511.71875,0.09640561,0.11197293
4515.625,0.14452003,0.15391134
4519.53125,0.11364532,0.16591822
4523.4375,0.10756609,0.14569169
4527.34375,0.11376621,0.10207001
4531.25,0.09930368,0.04520461
4535.15625,0.08869181,-0.01694783
4539.0625,0.08417027,-0.07700986
4542.96875,0.06297207,-0.12842682
4546.875,0.05807327,-0.16931885
4550.78125,0.06524173,-0.20512789
4554.6875,0.05381901,-0.24418819
4558.59375,0.02649936,-0.28999704
4562.5,0.05178842,-0.33829886
4566.40625,0.02432042,-0.37919095
4570.3125,0.00625659,-0.40333092
4574.21875,0.03108957,-0.41077095
4578.125,0.02825139,-0.41119602
4582.03125,0.02277373,-0.41240263
4585.9375,0.00619933,-0.41402048
4589.84375,0.03164384,-0.41405275
4593.75,0.02309081,-0.41343653
4597.65625,0.02084891,-0.41192657
4601.5625,0.01922827,-0.40712273
4605.46875,0.02074464,-0.40018144
4609.375,0.04253367,-0.39680037
4613.28125,0.00844463,-0.40240023
4617.1875,0.01443754,-0.42453244
4621.09375,0.01663023,-0.48000470
4625.0,-0.00110681,-0.58576208
4628.90625,-0.03804215,-0.73122418
4632.8125,-0.04572396,-0.85630661
4636.71875,-0.04689920,-0.85379958
4640.625,-0.01985883,-0.59767580
4644.53125,0.09133640,0.00886706
4648.4375,0.26451057,0.98184216
4652.34375,0.46755746,2.22520137
4656.25,0.70851237,3.53668284
4660.15625,0.90441000,4.65426779
4664.0625,1.01816642,5.33141756
4667.96875,1.05042660,5.41347313
4671.875,0.92535365,4.88400698
4675.78125,0.77412122,3.86336589
4679.6875,0.52307004,2.56367922
4683.59375,0.31731373,1.22194624
4687.5,0.08423372,0.03639291
4691.40625,-0.05945326,-0.87444198
4695.3125,-0.15207906,-1.47788751
4699.21875,-0.20489320,-1.80090761
4703.125,-0.23929623,-1.89454699
4707.03125,-0.22584751,-1.81452715
4710.9375,-0.17568001,-1.61895716
4714.84375,-0.15173462,-1.36748493
4718.75,-0.08979909,-1.11421204
4722.65625,-0.04297288,-0.89618105
4726.5625,-0.05041359,-0.72566909
4730.46875,-0.01580377,-0.59814185
4734.375,0.02389392,-0.50925708
4738.28125,0.02453355,-0.45825937
4742.1875,0.00009049,-0.43850517
4746.09375,0.02353743,-0.43605936
4750.0,0.04063712,-0.43728977
4753.90625,-0.00412058,-0.43367803
4757.8125,0.02718004,-0.42457956
4761.71875,0.03689212,-0.41675046
4765.625,0.01918903,-0.41518942
4769.53125,0.01884888,-0.41560125
4773.4375,0.03728523,-0.40900865
4777.34375,0.01096134,-0.39085761
4781.25,0.03917896,-0.36530334
4785.15625,0.04983907,-0.34164917
4789.0625,0.03912032,-0.32430911
4792.96875,0.02252567,-0.30817071
4796.875,0.06431692,-0.28662756
4800.78125,0.04920608,-0.25950083
4804.6875,0.06119593,-0.23069680
4808.59375,0.04922367,-0.20399970
4812.5,0.06474171,-0.18337333
4816.40625,0.08567852,-0.17079712
4820.3125,0.06132517,-0.15923554
4824.21875,0.07143641,-0.13249390
4828.125,0.07077856,-0.07826246
4832.03125,0.11028996,-0.00019756
4835.9375,0.11998858,0.08651248
4839.84375,0.11449853,0.16934867
4843.75,0.13963611,0.24426855
4847.65625,0.14703876,0.31116611
4851.5625,0.18174279,0.37184861
4855.46875,0.15568788,0.43296716
4859.375,0.18514207,0.50290138
4863.28125,0.18886286,0.58143133
4867.1875,0.22836071,0.65712357
4871.09375,0.22352622,0.71930003
4875.0,0.21516778,0.76945895
4878.90625,0.24595049,0.81740379
4882.8125,0.24923746,0.86946130
4886.71875,0.24939249,0.92347938
4890.625,0.27464384,0.97342271
4894.53125,0.27932233,1.01815867
4898.4375,0.27028760,1.06433666
4902.34375,0.28460190,1.11601400
4906.25,0.30835778,1.16357791
4910.15625,0.30956981,1.19071126
4914.0625,0.29757664,1.19125879
4917.96875,0.29517120,1.17256021
4921.875,0.30160001,1.14506590
4925.78125,0.29431099,1.11651182
4929.6875,0.27721313,1.09366083
4933.59375,0.29422155,1.08034873
4937.5,0.27044776,1.07144058
4941.40625,0.29023886,1.05301392
4945.3125,0.27115381,1.01177084
4949.21875,0.26334432,0.94477504
4953.125,0.24059169,0.86007947
4957.03125,0.23559846,0.77009940
4960.9375,0.21512704,0.68629742
4964.84375,0.20570159,0.61667556
4968.75,0.18608099,0.56246996
4972.65625,0.20366511,0.51674861
4976.5625,0.16093768,0.46915635
4980.46875,0.18308315,0.41275227
4984.375,0.16002814,0.34707233
4988.28125,0.12883775,0.27615812
4992.1875,0.14478102,0.20364685
4996.09375,0.12363545,0.13088095
5000.0,0.09917924,0.05963773
5003.90625,0.10255422,-0.00682535
5007.8125,0.08689044,-0.06521629
5011.71875,0.07370459,-0.11262515
5015.625,0.07473920,-0.14787869
5019.53125,0.07196459,-0.17372213
5023.4375,0.05858517,-0.19596420
5027.34375,0.05649018,-0.22112939
5031.25,0.06144213,-0.25483611
5035.15625,0.04602977,-0.29830542
5039.0625,0.03895809,-0.34434146
5042.96875,0.02446884,-0.37960592
5046.875,0.03615757,-0.39379254
5050.78125,0.02863327,-0.38758686
5054.6875,0.02929417,-0.37287906
5058.59375,0.03956791,-0.36524904
5062.5,0.03867545,-0.37303695
5066.40625,0.02726269,-0.39161205
5070.3125,0.01866553,-0.40993673
5074.21875,0.02625750,-0.42292419
5078.125,0.02755852,-0.43457052
5082.03125,0.02594080,-0.44921941
5085.9375,0.00526835,-0.46397245
5089.84375,0.02564970,-0.47095603
5093.75,0.00935794,-0.46428731
5097.65625,0.02485548,-0.44488281
5101.5625,0.02573945,-0.42143232
5105.46875,0.02245766,-0.40648952
5109.375,0.03480424,-0.40850979
5113.28125,0.02033177,-0.42564222
5117.1875,0.02393969,-0.44728929
5121.09375,0.00934769,-0.46272245
5125.0,0.01862992,-0.46902263
5128.90625,0.01711578,-0.47130033
5132.8125,0.02046918,-0.47568017
5136.71875,0.01761092,-0.48242417
5140.625,-0.00868864,-0.48689750
5144.53125,0.02920414,-0.48604286
5148.4375,0.02782944,-0.47926593
5152.34375,-0.00549435,-0.46455407
5156.25,0.02254480,-0.44225979
5160.15625,0.03155109,-0.42165652
5164.0625,0.02817658,-0.41435498
5167.96875,0.02789742,-0.42052040
5171.875,0.01715478,-0.42722696
5175.78125,0.01319115,-0.42181435
5179.6875,0.04215758,-0.40486330
5183.59375,0.02445439,-0.38868877
5187.5,0.03894226,-0.38436472
5191.40625,0.01847630,-0.39233968
5195.3125,0.03039418,-0.40469036
5199.21875,0.02912431,-0.41304222
5203.125,0.02881748,-0.41369864
5207.03125,0.00468766,-0.40965542
5210.9375,0.04762171,-0.41003522
5214.84375,0.02289820,-0.42263636
5218.75,0.01526031,-0.44410980
5222.65625,0.02268703,-0.46107465
5226.5625,-0.00202438,-0.46304360
5230.46875,0.03573107,-0.45322686
5234.375,0.01449848,-0.44581258
5238.28125,0.02246661,-0.45204136
5242.1875,0.02128654,-0.46858156
5246.09375,-0.00195583,-0.48034558
5250.0,0.01515305,-0.47567061
5253.90625,0.03409443,-0.45656845
5257.8125,0.00973047,-0.43300086
5261.71875,0.02217010,-0.41323364
5265.625,0.03140826,-0.40218928
5269.53125,0.03848243,-0.40077400
5273.4375,0.00987232,-0.40291452
5277.34375,0.03281673,-0.39958951
5281.25,0.02930218,-0.38853112
5285.15625,0.02881692,-0.37695345
5289.0625,0.03556784,-0.37397933
5292.96875,0.03517378,-0.38074383
5296.875,0.01752085,-0.38753316
5300.78125,0.03895183,-0.38072327
5304.6875,0.03082463,-0.35163209
5308.59375,0.04800437,-0.29955611
5312.5,0.04612754,-0.23161437
5316.40625,0.07691336,-0.16191491
5320.3125,0.07913283,-0.10560785
5324.21875,0.08319892,-0.06923353
5328.125,0.07862639,-0.04790969
5332.03125,0.10074343,-0.03177953
5335.9375,0.09060396,-0.01192873
5339.84375,0.10003853,0.01824325
5343.75,0.09521671,0.06040538
5347.65625,0.12821625,0.10749883
5351.5625,0.11200243,0.14571370
5355.46875,0.12663446,0.16215087
5359.375,0.12472623,0.15147433
5363.28125,0.11694626,0.11719535
5367.1875,0.09202310,0.06620389
5371.09375,0.10520312,0.00165378
5375.0,0.09246247,-0.07510042
5378.90625,0.05395732,-0.15568675
5382.8125,0.06437068,-0.22443184
5386.71875,0.04208695,-0.26905370
5390.625,0.04278164,-0.28934035
5394.53125,0.05239034,-0.29608753
5398.4375,0.03658424,-0.30261868
5402.34375,0.04750730,-0.31531769
5406.25,0.03274844,-0.33032158
5410.15625,0.03172058,-0.33952159
5414.0625,0.04083869,-0.34063289
5417.96875,0.03444584,-0.34118724
5421.875,0.02831006,-0.35298619
5425.78125,0.03437578,-0.38257313
5429.6875,0.03219630,-0.42372435
5433.59375,0.00096364,-0.45857418
5437.5,0.00471115,-0.47221813
5441.40625,0.01764884,-0.46887380
5445.3125,0.02843563,-0.46893343
5449.21875,0.00364098,-0.49003464
5453.125,-0.01376747,-0.53763998
5457.03125,-0.00642095,-0.61229467
5460.9375,-0.03014521,-0.71117693
5464.84375,-0.02347385,-0.80952507
5468.75,-0.07550202,-0.84001863
5472.65625,-0.01283766,-0.69604713
5476.5625,0.06093337,-0.26236820
5480.46875,0.15960243,0.53635246
5484.375,0.37553996,1.67917299
5488.28125,0.61354512,3.01301360
5492.1875,0.83946657,4.27491713
5496.09375,0.99298781,5.17391348
5500.0,1.05617416,5.49215364
5503.90625,0.99012101,5.15819263
5507.8125,0.81638974,4.26212978
5511.71875,0.62365896,3.01135921
5515.625,0.37202615,1.65521049
5519.53125,0.14789130,0.41205043
5523.4375,-0.00142255,-0.57963377
5527.34375,-0.12412094,-1.27287591
5531.25,-0.19643040,-1.68786538
5535.15625,-0.22883768,-1.87383807
5539.0625,-0.23795615,-1.88176596
5542.96875,-0.20718746,-1.75590575
5546.875,-0.17491385,-1.53822649
5550.78125,-0.14171380,-1.27577543
5554.6875,-0.07297666,-1.02058017
5558.59375,-0.04262501,-0.81539768
5562.5,-0.02459833,-0.67491370
5566.40625,-0.01902196,-0.58440608
5570.3125,-0.00514231,-0.52033359
5574.21875,0.02871338,-0.47018602
5578.125,0.00269899,-0.43360904
5582.03125,0.02490681,-0.41317317
5585.9375,0.02004475,-0.40881652
5589.84375,0.02274637,-0.41654605
5593.75,0.01203124,-0.42881075
5597.65625,0.01595042,-0.43730670
5601.5625,0.01908938,-0.43611884
5605.46875,0.00825286,-0.42253217
5609.375,0.03934649,-0.39630961
5613.28125,0.01515323,-0.35964084
5617.1875,0.02936067,-0.31950030
5621.09375,0.05105205,-0.28815642
5625.0,0.05075606,-0.27448055
5628.90625,0.02944018,-0.27338099
5632.8125,0.04672259,-0.26884270
5636.71875,0.05742442,-0.24768077
5640.625,0.02677027,-0.20977379
5644.53125,0.08045495,-0.16869609
5648.4375,0.06864985,-0.14056315
5652.34375,0.06567958,-0.12647672
5656.25,0.07559571,-0.10726970
5660.15625,0.05795015,-0.05977788
5664.0625,0.10193215,0.02130098
5667.96875,0.12187662,0.11834558
5671.875,0.11062229,0.20506428
5675.78125,0.14254114,0.26341876
5679.6875,0.14233081,0.29204854
5683.59375,0.12943059,0.30644318
5687.5,0.16379385,0.33124065
5691.40625,0.14462514,0.38690442
5695.3125,0.15832439,0.47667068
5699.21875,0.20049697,0.58195299
5703.125,0.21128659,0.67484868
5707.03125,0.21494354,0.74101210
5710.9375,0.22587216,0.79009652
5714.84375,0.21932839,0.84375215
5718.75,0.25975046,0.91582143
5722.65625,0.25647211,1.00288343
5726.5625,0.26242259,1.08807838
5730.46875,0.31514058,1.15255702
5734.375,0.28126383,1.18858552
5738.28125,0.28234127,1.20298433
5742.1875,0.31018147,1.20669138
5746.09375,0.29170480,1.20496440
5750.0,0.28304154,1.19689322
5753.90625,0.30650339,1.17847216
5757.8125,0.28420472,1.14862216
5761.71875,0.27278349,1.11561215
5765.625,0.27327690,1.09198749
5769.53125,0.27161452,1.07958913
5773.4375,0.27524918,1.06368232
5777.34375,0.27122596,1.02522206
5781.25,0.23202592,0.95712602
5785.15625,0.25162402,0.86777198
5789.0625,0.21806844,0.77419329
5792.96875,0.20880006,0.69456786
5796.875,0.17112280,0.63894176
5800.78125,0.21030340,0.60049880
5804.6875,0.18549079,0.56013763
5808.59375,0.16359583,0.50222516
5812.5,0.15206046,0.42278451
5816.40625,0.15410791,0.32720277
5820.3125,0.13107063,0.22913790
5824.21875,0.08384253,0.14733064
5828.125,0.11228818,0.09267259
5832.03125,0.09853610,0.05914020
5835.9375,0.09079202,0.03207267
5839.84375,0.08087664,0.00215426
5843.75,0.08230457,-0.03116115
5847.65625,0.05537859,-0.06672633
5851.5625,0.08490859,-0.10869871
5855.46875,0.05220572,-0.16360727
5859.375,0.03587734,-0.23006263
5863.28125,0.04055018,-0.29482687
5867.1875,0.01389115,-0.34126177
5871.09375,0.02839475,-0.36197555
5875.0,0.01755183,-0.36414149
5878.90625,0.01131012,-0.36341512
5882.8125,0.03016504,-0.37188962
5886.71875,0.02125061,-0.38839123
5890.625,0.00379896,-0.39918458
5894.53125,0.00602343,-0.39260924
5898.4375,0.01591407,-0.37486401
5902.34375,0.03814491,-0.36653471
5906.25,0.00777784,-0.38137361
5910.15625,0.00632913,-0.41236666
5914.0625,0.01312814,-0.43953902
5917.96875,-0.00860316,-0.44829389
5921.875,0.00468656,-0.44117165
5925.78125,0.01407035,-0.43390760
5929.6875,0.00964496,-0.43773663
5933.59375,0.00861605,-0.44512054
5937.5,-0.01050920,-0.43704307
5941.40625,0.00428760,-0.40642163
5945.3125,0.02093161,-0.37094429
5949.21875,0.03579661,-0.35806796
5953.125,0.01519590,-0.37713829
5957.03125,-0.00339857,-0.41037601
5960.9375,-0.00246373,-0.43313414
5964.84375,0.00068104,-0.43964401
5968.75,0.02854169,-0.44497287
5972.65625,-0.01373397,-0.46308345
5976.5625,-0.00029350,-0.48845199
5980.46875,-0.01788305,-0.50124800
5984.375,-0.00289874,-0.48775753
5988.28125,-0.00163632,-0.45443597
5992.1875,0.01280541,-0.42280895
5996.09375,0.01141365,-0.41031104
6000.0,0.00418346,-0.41595635
6003.90625,-0.00190541,-0.42567816
6007.8125,-0.00368831,-0.43050474
6011.71875,0.02104416,-0.43524975
6015.625,-0.00035177,-0.44819525
6019.53125,-0.01250651,-0.46840122
6023.4375,-0.00832626,-0.48746982
6027.34375,0.00102579,-0.49818179
6031.25,-0.00909887,-0.49706075
6035.15625,-0.01872373,-0.48450074
6039.0625,0.01151408,-0.46657979
6042.96875,-0.00841993,-0.45231301
6046.875,-0.00173602,-0.44767717
6050.78125,0.00081880,-0.45494738
6054.6875,-0.00365587,-0.47402647
6058.59375,-0.00263546,-0.49891090
6062.5,-0.03194971,-0.51634771
6066.40625,-0.00040871,-0.51401579
6070.3125,-0.00388697,-0.48885006
6074.21875,-0.00620997,-0.44619641
6078.125,-0.00220731,-0.39681938
6082.03125,0.02533003,-0.35674262
6085.9375,0.01857409,-0.34213102
6089.84375,0.00733754,-0.35830495
6093.75,0.01720059,-0.39387333
6097.65625,-0.00676648,-0.42635608
6101.5625,-0.00227961,-0.43612921
6105.46875,0.00433259,-0.41928920
6109.375,0.00985472,-0.38866886
6113.28125,0.00960801,-0.36278418
6117.1875,0.02282290,-0.35359970
6121.09375,0.00035350,-0.36123228
6125.0,0.02024801,-0.37573627
6128.90625,-0.00105891,-0.38311189
6132.8125,0.01674672,-0.37304807
6136.71875,0.00277828,-0.34490538
6140.625,0.03522833,-0.30639711
6144.53125,0.02026614,-0.26434404
6148.4375,0.05029933,-0.21752474
6152.34375,0.01978073,-0.16154096
6156.25,0.07393752,-0.09971019
6160.15625,0.06104293,-0.04413004
6164.0625,0.07580294,-0.00479867
6167.96875,0.08227856,0.01882755
6171.875,0.06556736,0.03477349
6175.78125,0.08396401,0.04936848
6179.6875,0.08701196,0.06244024
6183.59375,0.09424083,0.07120022
6187.5,0.07490521,0.07546169
6191.40625,0.08216845,0.07538544
6195.3125,0.08500174,0.06627920
6199.21875,0.09015152,0.04153529
6203.125,0.07650239,0.00187284
6207.03125,0.04402323,-0.04385733
6210.9375,0.05920139,-0.09033549
6214.84375,0.05874335,-0.14248942
6218.75,0.04021105,-0.20498641
6222.65625,0.01894268,-0.27016371
6226.5625,0.00555791,-0.32438406
6230.46875,0.00566084,-0.36464044
6234.375,0.02593405,-0.40007648
6238.28125,-0.00951470,-0.43496162
6242.1875,-0.03020047,-0.45970866
6246.09375,0.00864167,-0.46435866
6250.0,-0.01170284,-0.45305714
6253.90625,-0.00578148,-0.44034567
6257.8125,-0.01056228,-0.43849453
6261.71875,0.00709165,-0.44878766
6265.625,-0.01144043,-0.45973763
6269.53125,-0.01589935,-0.45570466
6273.4375,-0.01711648,-0.43384972
6277.34375,0.01292039,-0.41234401
6281.25,0.00768038,-0.41724971
6285.15625,-0.01981813,-0.46232462
6289.0625,-0.03123610,-0.54439485
6292.96875,-0.04220212,-0.65108424
6296.875,-0.05281710,-0.75982761
6300.78125,-0.08180813,-0.82347530
6304.6875,-0.04089670,-0.75713110
6308.59375,0.00066494,-0.44306910
6312.5,0.08256067,0.22974002
6316.40625,0.28024641,1.29081786
6320.3125,0.51147217,2.62192607
6324.21875,0.77174658,3.96218967
6328.125,0.94531125,4.99786949
6332.03125,1.02172136,5.48241043
6335.9375,0.98291576,5.31736565
6339.84375,0.86392754,4.56518126
6343.75,0.65779269,3.40834022
6347.65625,0.41609445,2.08153081
6351.5625,0.20113155,0.80144161
6355.46875,0.02641423,-0.27989069
6359.375,-0.11988891,-1.08480012
6363.28125,-0.21157511,-1.59577179
6367.1875,-0.23808609,-1.83763206
6371.09375,-0.26707917,-1.86284614
6375.0,-0.23700775,-1.73872006
6378.90625,-0.18382736,-1.53394461
6382.8125,-0.15504572,-1.30328023
6386.71875,-0.13136815,-1.07908154
6390.625,-0.08230419,-0.87793416
6394.53125,-0.05813139,-0.71244895
6398.4375,-0.03473631,-0.59328759
6402.34375,-0.01209876,-0.52193904
6406.25,-0.02381916,-0.48620173
6410.15625,-0.02878171,-0.46723729
6414.0625,0.00725156,-0.45236900
6417.96875,-0.02083660,-0.43899125
6421.875,-0.00222704,-0.42809168
6425.78125,-0.00372342,-0.41871825
6429.6875,-0.01157902,-0.40852925
6433.59375,0.00038475,-0.39705792
6437.5,-0.00102161,-0.38685358
6441.40625,-0.00113585,-0.38039321
6445.3125,0.00770210,-0.37622410
6449.21875,-0.00782124,-0.36891222
6453.125,0.01471498,-0.35257775
6457.03125,-0.00388644,-0.32489291
6460.9375,0.02168577,-0.28919536
6464.84375,0.02992025,-0.25327373
6468.75,0.00834428,-0.22545487
6472.65625,0.04690047,-0.21030898
6476.5625,0.02076904,-0.20452383
6480.46875,0.03380368,-0.19583330
6484.375,0.03119111,-0.17017749
6488.28125,0.04491996,-0.12254006
6492.1875,0.05720529,-0.06016432
6496.09375,0.05751549,0.00383021
6500.0,0.08581502,0.05922216
6503.90625,0.07425654,0.10422791
6507.8125,0.09792117,0.14605711
6511.71875,0.09185952,0.19621928
6515.625,0.10473264,0.26256621
6519.53125,0.12873180,0.34375048
6523.4375,0.14283697,0.43138993
6527.34375,0.14664879,0.51653749
6531.25,0.16699328,0.59233660
6535.15625,0.18051170,0.65359437
6539.0625,0.17852536,0.69925094
6542.96875,0.19837762,0.73632658
6546.875,0.19837566,0.77929914
6550.78125,0.20313762,0.84204519
6554.6875,0.22106187,0.92550552
6558.59375,0.23413107,1.01159596
6562.5,0.25857386,1.07326186
6566.40625,0.25695774,1.09627926
6570.3125,0.25732818,1.09358299
6574.21875,0.23377793,1.09503400
6578.125,0.25124121,1.11829925
6582.03125,0.26942843,1.14988160
6585.9375,0.27026325,1.15819371
6589.84375,0.26152918,1.12569737
6593.75,0.24407025,1.06713462
6597.65625,0.23060140,1.01724935
6601.5625,0.22829148,1.00065422
6605.46875,0.24350169,1.01085007
6609.375,0.23836055,1.01623166
6613.28125,0.24627332,0.98670673
6617.1875,0.20695446,0.91662925
6621.09375,0.20842271,0.82517314
6625.0,0.18401097,0.73797899
6628.90625,0.17939313,0.66891223
6632.8125,0.17113599,0.61484951
6636.71875,0.15158050,0.56272817
6640.625,0.16288637,0.50130153
6644.53125,0.12073756,0.42929497
6648.4375,0.13153675,0.35429129
6652.34375,0.10784464,0.28453562
6656.25,0.09326091,0.22220215
6660.15625,0.10090680,0.16385132
6664.0625,0.07110079,0.10616489
6667.96875,0.07211102,0.04959197
6671.875,0.05939972,-0.00386107
6675.78125,0.05947153,-0.05359169
6679.6875,0.02879777,-0.10063244
6683.59375,0.03921976,-0.14778873
6687.5,0.03500785,-0.19820681
6691.40625,0.01540608,-0.25010410
6695.3125,0.00565638,-0.29488301
6699.21875,0.00053709,-0.32407412
6703.125,0.00811168,-0.33717531
6707.03125,-0.00462700,-0.34166950
6710.9375,0.00772440,-0.34705207
6714.84375,-0.00316808,-0.35858524
6718.75,-0.00741331,-0.37448806
6722.65625,-0.00706210,-0.38824275
6726.5625,-0.00767354,-0.39386892
6730.46875,-0.00883598,-0.38993269
6734.375,-0.00461053,-0.38008860
6738.28125,0.00105191,-0.36986446
6742.1875,-0.00859720,-0.36254540
6746.09375,-0.00843584,-0.35959020
6750.0,0.00295342,-0.36425093
6753.90625,0.00246176,-0.37991834
6757.8125,-0.01526469,-0.40397757
6761.71875,-0.02930460,-0.42873195
6765.625,-0.00273543,-0.44989663
6769.53125,-0.02670412,-0.46978641
6773.4375,-0.02638976,-0.49187592
6777.34375,-0.02718816,-0.51438373
6781.25,-0.02193260,-0.52640903
6785.15625,-0.04585322,-0.51116246
6789.0625,-0.02414269,-0.46191078
6792.96875,-0.00460419,-0.39711592
6796.875,0.01260934,-0.35155672
6800.78125,-0.01244611,-0.34847462
6804.6875,-0.00845841,-0.38289902
6808.59375,-0.00740606,-0.42910618
6812.5,-0.02501274,-0.45907590
6816.40625,-0.02948583,-0.45911080
6820.3125,-0.01357528,-0.43776125
6824.21875,-0.00449021,-0.41740504
6828.125,-0.01639595,-0.41412652
6832.03125,-0.01384422,-0.42581648
6835.9375,-0.01830633,-0.43862507
6839.84375,-0.01961782,-0.44129112
6843.75,-0.02422165,-0.43362847
6847.65625,-0.00498740,-0.42411119
6851.5625,-0.00783953,-0.41936976
6855.46875,-0.01950147,-0.41609848
6859.375,-0.01462940,-0.40516353
6863.28125,-0.01052322,-0.38334459
6867.1875,-0.00454831,-0.35930631
6871.09375,0.00542705,-0.34799019
6875.0,0.00307475,-0.35830757
6878.90625,-0.01765545,-0.38466963
6882.8125,-0.01479141,-0.41143081
6886.71875,-0.02095822,-0.42703333
6890.625,-0.00836819,-0.43262297
6894.53125,-0.00457787,-0.43565035
6898.4375,-0.03714075,-0.43837294
6902.34375,-0.01637067,-0.43693063
6906.25,-0.00057348,-0.42880049
6910.15625,-0.03491626,-0.41671011
6914.0625,0.00046783,-0.40747738
6917.96875,-0.00433864,-0.40732592
6921.875,-0.02395878,-0.41571310
6925.78125,-0.02986343,-0.42731774
6929.6875,0.00292766,-0.44068488
6933.59375,-0.02214585,-0.45764327
6937.5,-0.03257525,-0.47451121
6941.40625,-0.01628646,-0.48104668
6945.3125,-0.03318134,-0.46934274
6949.21875,-0.02783542,-0.44346213
6953.125,0.00655432,-0.42047167
6957.03125,-0.01798011,-0.41629809
6960.9375,-0.01217932,-0.42646304
6964.84375,-0.02700145,-0.42505410
6968.75,-0.01350351,-0.38750449
6972.65625,0.01450671,-0.31455281
6976.5625,0.01333307,-0.23306267
6980.46875,0.02846293,-0.17433852
6984.375,0.03586168,-0.15032658
6988.28125,0.03590207,-0.14497468
6992.1875,0.03755203,-0.12568665
6996.09375,0.02578013,-0.06855277
7000.0,0.07377774,0.02056426
7003.90625,0.06964193,0.10832528
7007.8125,0.10539442,0.15937738
7011.71875,0.07698311,0.16211875
7015.625,0.07904133,0.13252768
7019.53125,0.07415055,0.09647856
7023.4375,0.06229612,0.06947007
7027.34375,0.07206100,0.04976976
7031.25,0.06874800,0.02648250
7035.15625,0.05918863,-0.00733391
7039.0625,0.04393541,-0.04967663
7042.96875,0.02861652,-0.09675689
7046.875,0.04238008,-0.15076396
7050.78125,0.03181323,-0.21541548
7054.6875,0.00433898,-0.28509483
7058.59375,-0.01022163,-0.34482226
7062.5,-0.00866874,-0.38299707
7066.40625,-0.01359988,-0.40110764
7070.3125,0.00309648,-0.40998805
7074.21875,-0.02244072,-0.41816095
7078.125,-0.00978853,-0.42453229
7082.03125,-0.02795093,-0.42278016
7085.9375,-0.01814274,-0.41291872
7089.84375,0.01407369,-0.40524712
7093.75,-0.02592108,-0.40927497
7097.65625,-0.01320949,-0.42197680
7101.5625,-0.02401711,-0.43120292
7105.46875,-0.00490068,-0.42758915
7109.375,-0.01491994,-0.41169262
7113.28125,-0.02034637,-0.39673382
7117.1875,-0.00683678,-0.40862164
7121.09375,-0.02205343,-0.47477645
7125.0,-0.03790504,-0.60031039
7128.90625,-0.07819516,-0.74947101
7132.8125,-0.09056199,-0.84851468
7136.71875,-0.06063415,-0.80353600
7140.625,-0.05221421,-0.52005416
7144.53125,0.07726687,0.07399718
7148.4375,0.23632489,0.99745607
7152.34375,0.42545253,2.18501830
7156.25,0.64865035,3.47044277
7160.15625,0.84798521,4.60315847
7164.0625,0.99976009,5.31441641
7167.96875,1.01386619,5.41630745
7171.875,0.90001214,4.87835598
7175.78125,0.70965153,3.83311081
7179.6875,0.49642676,2.51460838
7183.59375,0.25274897,1.17386532
7187.5,0.06333423,0.00963066
7191.40625,-0.10313421,-0.86946404
7195.3125,-0.17890690,-1.44522011
7199.21875,-0.23715815,-1.75678325
7203.125,-0.26306778,-1.85821545
7207.03125,-0.26176611,-1.79713368
7210.9375,-0.21946712,-1.61984122
7214.84375,-0.17474334,-1.37982273
7218.75,-0.13246247,-1.13069797
7222.65625,-0.09837604,-0.91065329
7226.5625,-0.07881692,-0.73643339
7230.46875,-0.04033676,-0.61076427
7234.375,-0.02037397,-0.53031141
7238.28125,-0.03284495,-0.48648983
7242.1875,-0.03597234,-0.46679401
7246.09375,-0.00076421,-0.45970634
7250.0,-0.01432439,-0.45569381
7253.90625,-0.03843492,-0.44732714
7257.8125,-0.00472924,-0.43532309
7261.71875,-0.01157939,-0.42949575
7265.625,-0.02077958,-0.43687919
7269.53125,-0.01008409,-0.45191625
7273.4375,-0.02253753,-0.46022418
7277.34375,-0.01798339,-0.44945964
7281.25,-0.02523033,-0.41856173
7285.15625,0.01077486,-0.37980661
7289.0625,-0.00658534,-0.35046929
7292.96875,0.00542516,-0.33970267
7296.875,0.01086370,-0.34134501
7300.78125,-0.02017926,-0.33832827
7304.6875,0.01765585,-0.31578472
7308.59375,0.00737829,-0.27099270
7312.5,0.04171385,-0.21054578
7316.40625,0.01901307,-0.14188468
7320.3125,0.05073777,-0.07124600
7324.21875,0.06837825,-0.00532572
7328.125,0.06026826,0.05069545
7332.03125,0.07865581,0.09523745
7335.9375,0.09240901,0.13015671
7339.84375,0.08867908,0.16344544
7343.75,0.09445416,0.21014264
7347.65625,0.09127650,0.28082037
7351.5625,0.14227755,0.36693066
7355.46875,0.14420559,0.44590253
7359.375,0.15193510,0.50482744
7363.28125,0.13585961,0.55335730
7367.1875,0.18175741,0.61083066
7371.09375,0.17583036,0.68611479
7375.0,0.19403540,0.77074707
7378.90625,0.20735237,0.84660172
7382.8125,0.22725622,0.90095413
7386.71875,0.21996017,0.93849301
7390.625,0.22447389,0.97765571
7394.53125,0.24761514,1.03294861
7398.4375,0.25074312,1.10080194
7402.34375,0.24613594,1.15942335
7406.25,0.28304774,1.18114853
7410.15625,0.27457553,1.15398693
7414.0625,0.24376145,1.09806883
7417.96875,0.23646738,1.05497348
7421.875,0.23903085,1.05414581
7425.78125,0.25416780,1.08939958
7429.6875,0.26087472,1.12658918
7433.59375,0.27105013,1.13166976
7437.5,0.24613912,1.09378207
7441.40625,0.22886096,1.02608597
7445.3125,0.22983497,0.94850659
7449.21875,0.21928909,0.87244654
7453.125,0.19760297,0.79970932
7457.03125,0.19966818,0.72987688
7460.9375,0.16434507,0.66542077
7464.84375,0.17064621,0.61009914
7468.75,0.16861206,0.56426585
7472.65625,0.14862421,0.52320582
7476.5625,0.14569947,0.47900793
7480.46875,0.14058058,0.42419234
7484.375,0.12334773,0.35680422
7488.28125,0.11302489,0.28283411
7492.1875,0.10218608,0.21146710
7496.09375,0.08184540,0.14701933
7500.0,0.08649758,0.08616953
7503.90625,0.06859124,0.02338012
7507.8125,0.04538672,-0.04242859
7511.71875,0.06047133,-0.10667374
7515.625,0.04169063,-0.16145208
7519.53125,-0.00178659,-0.20047036
7523.4375,0.04975506,-0.22559066
7527.34375,0.02447892,-0.24451806
7531.25,0.01003352,-0.25980130
7535.15625,0.02406852,-0.26708841
7539.0625,0.01574052,-0.26560462
7542.96875,0.01085648,-0.26491019
7546.875,0.02586119,-0.27987397
7550.78125,0.01615780,-0.31809106
7554.6875,-0.00254089,-0.37017274
7558.59375,-0.00928895,-0.41406387
7562.5,-0.01766554,-0.43146828
7566.40625,0.00113207,-0.42059097
7570.3125,-0.00371063,-0.39433536
7574.21875,0.00699849,-0.36924732
7578.125,-0.00423838,-0.35738403
7582.03125,0.00136572,-0.36503044
7585.9375,0.00838561,-0.39222300
7589.84375,-0.01378016,-0.43036002
7593.75,-0.01939588,-0.46440506
7597.65625,-0.00832793,-0.48146683
7601.5625,-0.02366576,-0.47712237
7605.46875,-0.01068238,-0.45550522
7609.375,-0.01175564,-0.42703345
7613.28125,0.00827668,-0.40442365
7617.1875,-0.01269907,-0.39652658
7621.09375,0.00559143,-0.40423870
7625.0,-0.01328766,-0.42171603
7628.90625,-0.00913142,-0.44149086
7632.8125,-0.01420235,-0.45974946
7636.71875,-0.00950331,-0.47660863
7640.625,-0.01556415,-0.49007845
7644.53125,-0.02147218,-0.49177185
7648.4375,-0.02338514,-0.47282004
7652.34375,0.00226910,-0.43489742
7656.25,-0.00626779,-0.39290348
7660.15625,0.01088549,-0.36550117
7664.0625,0.00975241,-0.36297327
7667.96875,-0.01999610,-0.38368043
7671.875,0.01459362,-0.41991627
7675.78125,-0.01317984,-0.46276131
7679.6875,-0.02663551,-0.50175637
7683.59375,-0.02150902,-0.52641279
7687.5,-0.01411868,-0.53012896
7691.40625,-0.03636105,-0.51196438
7695.3125,-0.00199918,-0.47791827
7699.21875,-0.01162962,-0.44069472
7703.125,0.00016273,-0.41364735
7707.03125,-0.00317529,-0.40327749
7710.9375,-0.00392411,-0.40761757
7714.84375,0.00158348,-0.41949522
7718.75,-0.00098052,-0.43006527
7722.65625,-0.02341361,-0.43287849
7726.5625,0.01189069,-0.42864764
7730.46875,-0.01206596,-0.42516753
7734.375,-0.00596248,-0.43089530
7738.28125,0.00215730,-0.44802192
7742.1875,-0.01475120,-0.46891525
7746.09375,-0.01250781,-0.47935310
7750.0,-0.02759096,-0.47112864
7753.90625,0.00180609,-0.45360780
7757.8125,0.00201553,-0.44750449
7761.71875,-0.01070704,-0.46370789
7765.625,-0.01499036,-0.49137762
7769.53125,-0.03670007,-0.50961113
7773.4375,0.00040512,-0.50769156
7777.34375,-0.01559751,-0.49044695
7781.25,-0.00956291,-0.46742618
7785.15625,-0.00672246,-0.44329646
7789.0625,-0.00513646,-0.41866159
7792.96875,0.00326679,-0.39520758
7796.875,0.01174428,-0.37672654
7800.78125,0.01063269,-0.36452803
7804.6875,0.00076632,-0.35352352
7808.59375,0.01920140,-0.33415914
7812.5,0.02562085,-0.29693595
7816.40625,0.02400747,-0.23650739
7820.3125,0.04118115,-0.15726092
7824.21875,0.06420412,-0.07585455
7828.125,0.07228380,-0.01213266
7832.03125,0.07878041,0.02657231
7835.9375,0.08826367,0.05131020
7839.84375,0.06560569,0.07913876
7843.75,0.09524551,0.11334090
7847.65625,0.11336239,0.13896710
7851.5625,0.09257460,0.14036363
7855.46875,0.09057476,0.11744444
7859.375,0.08129825,0.08086284
7863.28125,0.08734217,0.03835355
7867.1875,0.07572948,-0.00781859
7871.09375,0.05579305,-0.05505712
7875.0,0.05917985,-0.09991840
7878.90625,0.04905962,-0.14273798
7882.8125,0.04426822,-0.18746604
7886.71875,0.03667772,-0.23563100
7890.625,0.01603322,-0.28308135
7894.53125,0.02346714,-0.32403606
7898.4375,0.01312842,-0.35671437
7902.34375,0.00848913,-0.38385013
7906.25,0.00182709,-0.40899435
7910.15625,0.00498325,-0.43255869
7914.0625,-0.00482479,-0.45038879
7917.96875,-0.01157096,-0.45719421
7921.875,0.01324379,-0.45212594
7925.78125,-0.01454573,-0.44010776
7929.6875,0.00238719,-0.42906797
7933.59375,0.00793829,-0.42659444
7937.5,0.00163657,-0.43589312
7941.40625,-0.00497027,-0.45373598
7945.3125,-0.00424670,-0.47507587
7949.21875,-0.02278940,-0.50139481
7953.125,-0.00756431,-0.54414630
7957.03125,-0.03364838,-0.61710274
7960.9375,-0.04161135,-0.71903950
7964.84375,-0.06834055,-0.81561202
7968.75,-0.05398166,-0.83090913
7972.65625,-0.04356774,-0.65803289
7976.5625,0.03641551,-0.19350669
7980.46875,0.19189075,0.61466116
7984.375,0.36096853,1.72777736
7988.28125,0.59820437,3.00258946
7992.1875,0.79436737,4.20956087
7996.09375,0.97381908,5.08741617
8000.0,1.02867877,5.42481613
8003.90625,0.96558660,5.13506460
8007.8125,0.81905264,4.28423119
8011.71875,0.60677004,3.06122351
8015.625,0.36379445,1.71000314
8019.53125,0.15274307,0.45467201
8023.4375,-0.00890072,-0.55388069
8027.34375,-0.14252560,-1.25326908
8031.25,-0.21348947,-1.65407991
8035.15625,-0.23044604,-1.81200278
8039.0625,-0.21278338,-1.79694974
8042.96875,-0.21537891,-1.66682243
8046.875,-0.18876609,-1.46090293
8050.78125,-0.12922570,-1.21393359
8054.6875,-0.07864285,-0.96752930
8058.59375,-0.04948463,-0.76181448
8062.5,-0.02761463,-0.61822969
8066.40625,-0.01763133,-0.53251374
8070.3125,0.00249069,-0.48243186
8074.21875,-0.00480210,-0.44309026
8078.125,0.01720999,-0.40040728
8082.03125,0.02042493,-0.35552913
8085.9375,0.01581628,-0.32051611
8089.84375,0.03069311,-0.31074446
8093.75,0.03674065,-0.33495146
8097.65625,0.00091169,-0.38533303
8101.5625,0.00932714,-0.43838045
8105.46875,0.00212064,-0.46869317
8109.375,-0.00439466,-0.46334580
8113.28125,0.00429222,-0.42784289
8117.1875,0.01766363,-0.38291872
8121.09375,0.02848038,-0.35205576
8125.0,0.03065708,-0.34473458
8128.90625,-0.00021309,-0.34917668
8132.8125,0.03288249,-0.34265187
8136.71875,0.02482804,-0.30885085
8140.625,0.05105667,-0.24652499
8144.53125,0.03972973,-0.16740510
8148.4375,0.06724884,-0.09007429
8152.34375,0.08303238,-0.03159165
8156.25,0.09268226,0.00273284
8160.15625,0.07686034,0.02366006
8164.0625,0.09083458,0.04942053
8167.96875,0.09381472,0.09070631
8171.875,0.10745946,0.14353076
8175.78125,0.13870333,0.19685534
8179.6875,0.10868437,0.24668710
8183.59375,0.13408467,0.30005056
8187.5,0.15374629,0.36547223
8191.40625,0.15923496,0.44368374
8195.3125,0.16379952,0.52652663
8199.21875,0.20158088,0.60180509
8203.125,0.20019095,0.66291595
8207.03125,0.20768152,0.71676117
8210.9375,0.20824309,0.77841222
8214.84375,0.23332788,0.85548884
8218.75,0.25585911,0.93938005
8222.65625,0.25230885,1.01146781
8226.5625,0.27592570,1.05665469
8230.46875,0.26620835,1.07363939
8234.375,0.26621163,1.07555592
8238.28125,0.28154764,1.08079445
8242.1875,0.27383089,1.10175490
8246.09375,0.26915875,1.13818300
8250.0,0.29393545,1.17619896
8253.90625,0.29864359,1.19610131
8257.8125,0.30497095,1.18779290
8261.71875,0.25956947,1.15871108
8265.625,0.28840971,1.12376130
8269.53125,0.27896219,1.09053278
8273.4375,0.26602411,1.05665839
8277.34375,0.26176956,1.01627696
8281.25,0.25512481,0.96585286
8285.15625,0.24334173,0.90721405
8289.0625,0.23338921,0.84625006
8292.96875,0.21222670,0.78632838
8296.875,0.22448908,0.72353154
8300.78125,0.19212802,0.65107095
8304.6875,0.19322771,0.56814814
8308.59375,0.16401157,0.48255751
8312.5,0.15605716,0.40438965
8316.40625,0.14354238,0.33744022
8320.3125,0.13636395,0.27695775
8324.21875,0.13893741,0.21678774
8328.125,0.09447471,0.15757869
8332.03125,0.11682473,0.10446920
8335.9375,0.08468939,0.05725353
8339.84375,0.10893568,0.00795640
8343.75,0.06474128,-0.05008650
8347.65625,0.07044797,-0.11365423
8351.5625,0.06927395,-0.17098258
8355.46875,0.03651229,-0.21088596
8359.375,0.04968450,-0.23324506
8363.28125,0.04548813,-0.25195003
8367.1875,0.04471404,-0.28385356
8371.09375,0.03388511,-0.33236903
8375.0,0.02027958,-0.38275865
8378.90625,0.00738589,-0.41431925
8382.8125,0.02008938,-0.41792831
8386.71875,0.01969731,-0.40335047
8390.625,0.01796458,-0.39143300
8394.53125,0.03052713,-0.39806449
8398.4375,0.02052248,-0.42075673
8402.34375,-0.00218492,-0.44001848
8406.25,0.00691875,-0.43863884
8410.15625,0.02969723,-0.41957304
8414.0625,0.02335647,-0.40105996
8417.96875,0.01689561,-0.39752758
8421.875,0.01071403,-0.41018653
8425.78125,0.02716048,-0.43113267
8429.6875,0.00496261,-0.44971427
8433.59375,0.00598580,-0.45792124
8437.5,0.02686622,-0.45489159
8441.40625,-0.00801747,-0.44634810
8445.3125,0.02699364,-0.44016770
8449.21875,0.00823192,-0.44281045
8453.125,0.01847546,-0.45608887
8457.03125,0.00866407,-0.47439545
8460.9375,-0.00825034,-0.48690093
8464.84375,0.01827094,-0.48520637
8468.75,0.00571510,-0.46943468
8472.65625,0.01289954,-0.44755322
8476.5625,0.01883517,-0.42993447
8480.46875,0.01623784,-0.42299929
8484.375,0.01582380,-0.42568699
8488.28125,0.02190871,-0.43207395
8492.1875,-0.00223429,-0.43811491
8496.09375,0.03923301,-0.44482785
8500.0,-0.00365702,-0.45382115
8503.90625,0.01223110,-0.46225756
8507.8125,0.01469229,-0.46477276
8511.71875,0.00876501,-0.45802647
8515.625,0.02387912,-0.44182238
8519.53125,0.00910493,-0.41878632
8523.4375,0.01567364,-0.39515948
8527.34375,0.04680231,-0.37952268
8531.25,0.01001955,-0.37734264
8535.15625,0.04335961,-0.38727188
8539.0625,-0.00119844,-0.40465945
8542.96875,0.02255465,-0.42785394
8546.875,0.01825642,-0.45799258
8550.78125,0.02371284,-0.49001327
8554.6875,-0.01194024,-0.50779700
8558.59375,-0.00869544,-0.49694210
8562.5,0.02375982,-0.46284270
8566.40625,0.02609962,-0.42822948
8570.3125,0.02421300,-0.41142473
8574.21875,0.01042924,-0.41245082
8578.125,0.02236656,-0.41943237
8582.03125,0.02109698,-0.42203596
8585.9375,0.00937741,-0.41855675
8589.84375,0.03912112,-0.41464254
8593.75,0.01622310,-0.41623828
8597.65625,0.01078437,-0.42408374
8601.5625,0.02170445,-0.43602622
8605.46875,0.01283533,-0.45082384
8609.375,0.02121329,-0.46559861
8613.28125,0.00790405,-0.47229958
8617.1875,0.00968098,-0.46145168
8621.09375,0.01516368,-0.43012723
8625.0,0.03620322,-0.38481843
8628.90625,0.02351760,-0.33780518
8632.8125,0.04940566,-0.30218059
8636.71875,0.05237313,-0.28506556
8640.625,0.03409475,-0.27958131
8644.53125,0.04184854,-0.26627433
8648.4375,0.06939405,-0.22683001
8652.34375,0.06041318,-0.15715913
8656.25,0.06914413,-0.07148790
8660.15625,0.10414255,0.00325543
8664.0625,0.10743293,0.04440201
8667.96875,0.10790679,0.05208335
8671.875,0.08656031,0.04899885
8675.78125,0.11560473,0.05973851
8679.6875,0.09684959,0.09106509
8683.59375,0.12103970,0.12864262
8687.5,0.12134580,0.14861815
8691.40625,0.13523190,0.13579558
8695.3125,0.09201462,0.09508754
8699.21875,0.10243554,0.04459276
8703.125,0.09588544,-0.00166815
8707.03125,0.08788478,-0.04210676
8710.9375,0.07985329,-0.08308358
8714.84375,0.07818900,-0.13081396
8718.75,0.06215707,-0.18547717
8722.65625,0.04368046,-0.24133849
8726.5625,0.03897772,-0.29455906
8730.46875,0.04968201,-0.34876248
8734.375,0.02819695,-0.40746510
8738.28125,0.00484309,-0.46252775
8742.1875,0.00697507,-0.49682745
8746.09375,0.00933519,-0.50036949
8750.0,0.00718989,-0.48216295
8753.90625,0.02465722,-0.46487641
8757.8125,0.02306303,-0.46476376
8761.71875,-0.00058962,-0.47582969
8765.625,0.00788679,-0.47734490
8769.53125,0.02510341,-0.45662415
8773.4375,0.02469843,-0.42078179
8777.34375,0.01751369,-0.39014342
8781.25,0.04277560,-0.38707188
8785.15625,0.00176260,-0.42937446
8789.0625,0.01578140,-0.52579659
8792.96875,-0.01029556,-0.66733694
8796.875,-0.05714167,-0.81502515
8800.78125,-0.05724311,-0.89477015
8804.6875,-0.03081675,-0.80543363
8808.59375,0.01547063,-0.43971837
8812.5,0.13746846,0.27786508
8816.40625,0.31906134,1.34117687
8820.3125,0.54688781,2.62902927
8824.21875,0.76687723,3.91565776
8828.125,0.96191788,4.92759371
8832.03125,1.04485977,5.42751932
8835.9375,1.01295912,5.29325533
8839.84375,0.88834572,4.55786228
8843.75,0.67125821,3.39293814
8847.65625,0.45999193,2.04505968
8851.5625,0.21079862,0.75551325
8855.46875,0.04033369,-0.30465442
8859.375,-0.08959281,-1.06275940
8863.28125,-0.16172308,-1.53026092
8867.1875,-0.19274479,-1.76130235
8871.09375,-0.23218067,-1.81410527
8875.0,-0.20516540,-1.73700297
8878.90625,-0.17346963,-1.57294309
8882.8125,-0.13542089,-1.36185479
8886.71875,-0.10581826,-1.13535309
8890.625,-0.04921247,-0.91390061
8894.53125,-0.04591940,-0.71207786
8898.4375,0.01339911,-0.54618806
8902.34375,0.01791178,-0.43411767
8906.25,0.02771325,-0.38543200
8910.15625,0.04124175,-0.39145774
8914.0625,0.01961970,-0.42503741
8917.96875,0.01326698,-0.45264316
8921.875,0.00047156,-0.45418397
8925.78125,0.03804864,-0.43495259
8929.6875,0.03496362,-0.41528583
8933.59375,0.02051515,-0.40776455
8937.5,0.01489554,-0.40747792
8941.40625,0.03354824,-0.40173104
8945.3125,0.03499094,-0.38317245
8949.21875,0.01991344,-0.35584965
8953.125,0.05442462,-0.33365291
8957.03125,0.03306699,-0.32900149
8960.9375,0.05031728,-0.33781523
8964.84375,0.02478260,-0.33893976
8968.75,0.03840956,-0.31350106
8972.65625,0.05801610,-0.26440310
8976.5625,0.04931525,-0.21440701
8980.46875,0.08938481,-0.18427584
8984.375,0.05099582,-0.17184016
8988.28125,0.07587966,-0.15209036
8992.1875,0.06783096,-0.09968749
8996.09375,0.09397167,-0.01303523
9000.0,0.12329905,0.08382011
9003.90625,0.12108136,0.16228712
9007.8125,0.12580542,0.21046071
9011.71875,0.15436248,0.23700048
9015.625,0.13136062,0.26249576
9019.53125,0.14670491,0.30759493
9023.4375,0.15444548,0.38117108
9027.34375,0.19915053,0.47528750
9031.25,0.17786458,0.57198143
9035.15625,0.22639327,0.65592307
9039.0625,0.21281339,0.72388947
9042.96875,0.23038563,0.78440678
9046.875,0.23933935,0.84637582
9050.78125,0.26448143,0.90858436
9054.6875,0.25761157,0.96291423
9058.59375,0.26857981,1.00485969
9062.5,0.27619553,1.03699708
9066.40625,0.28463918,1.06473076
9070.3125,0.28037763,1.09223831
9074.21875,0.29555041,1.12092137
9078.125,0.28515959,1.14817226
9082.03125,0.30577001,1.16708851
9085.9375,0.29282731,1.17061222
9089.84375,0.31430382,1.15923584
9093.75,0.27717468,1.14287412
9097.65625,0.29169244,1.13002038
9101.5625,0.28271839,1.11513138
9105.46875,0.29879713,1.08287966
9109.375,0.27567589,1.02721620
9113.28125,0.25808874,0.96150982
9117.1875,0.24844696,0.90608805
9121.09375,0.23154190,0.86680639
9125.0,0.25400299,0.82823175
9128.90625,0.24356724,0.76948434
9132.8125,0.20464545,0.68551618
9136.71875,0.18431768,0.58935547
9140.625,0.18684928,0.49597704
9144.53125,0.17833985,0.41124490
9148.4375,0.14618419,0.33502227
9152.34375,0.14094861,0.26577318
9156.25,0.12818240,0.20021458
9160.15625,0.12044603,0.13478954
9164.0625,0.11958972,0.07121103
9167.96875,0.09112493,0.01783711
9171.875,0.07269163,-0.01966218
9175.78125,0.11142781,-0.04869919
9179.6875,0.07407718,-0.08427498
9183.59375,0.07703446,-0.13169143
9187.5,0.05849415,-0.17948996
9191.40625,0.06010772,-0.21047856
9195.3125,0.05669868,-0.21874380
9199.21875,0.04639658,-0.21766454
9203.125,0.07464959,-0.23026444
9207.03125,0.04783231,-0.26744950
9210.9375,0.03278362,-0.31651211
9214.84375,0.03470873,-0.35410559
9218.75,0.03106670,-0.36767295
9222.65625,0.02602101,-0.36277124
9226.5625,0.04016671,-0.35557300
9230.46875,0.03833333,-0.36111930
9234.375,0.02316467,-0.38390860
9238.28125,0.02554404,-0.41561687
9242.1875,0.00632883,-0.44225362
9246.09375,0.02671765,-0.45497629
9250.0,0.01836306,-0.45455250
9253.90625,0.00904146,-0.44767079
9257.8125,0.01450565,-0.44219753
9261.71875,0.03605007,-0.44334090
9265.625,0.00634434,-0.44931641
9269.53125,0.00694067,-0.45322406
9273.4375,0.02221188,-0.45248666
9277.34375,0.02279137,-0.45199227
9281.25,0.01545023,-0.45565218
9285.15625,0.00409655,-0.46053731
9289.0625,0.00936148,-0.46169019
9292.96875,0.04079294,-0.45674095
9296.875,-0.00027677,-0.44339374
9300.78125,0.01904553,-0.41971847
9304.6875,0.02744833,-0.39120612
9308.59375,0.02514994,-0.37229168
9312.5,0.04433190,-0.37618709
9316.40625,0.02128849,-0.40250948
9320.3125,0.01129402,-0.43545112
9324.21875,0.00774589,-0.45662692
9328.125,0.01306938,-0.46115988
9332.03125,0.03304750,-0.45887905
9335.9375,0.00271930,-0.45904988
9339.84375,0.01930986,-0.45801112
9343.75,0.00614774,-0.44523799
9347.65625,0.01477034,-0.42020640
9351.5625,0.04026951,-0.39900854
9355.46875,0.01892279,-0.40107387
9359.375,0.02128662,-0.43036059
9363.28125,0.00968684,-0.47167763
9367.1875,-0.00309445,-0.50416011
9371.09375,0.00524066,-0.51698917
9375.0,0.01001702,-0.51295173
9378.90625,0.01505760,-0.49907669
9382.8125,-0.00844581,-0.47849977
9386.71875,0.01368752,-0.45373508
9390.625,0.03296174,-0.43179467
9394.53125,0.00942700,-0.42011562
9398.4375,0.02459770,-0.41997632
9402.34375,0.01807230,-0.42595169
9406.25,0.01466690,-0.42961997
9410.15625,0.01197893,-0.42611715
9414.0625,0.02403898,-0.42018193
9417.96875,0.03566667,-0.42167768
9421.875,-0.00669766,-0.43257555
9425.78125,0.02778116,-0.44268665
9429.6875,0.01045080,-0.43946406
9433.59375,0.01968843,-0.41902754
9437.5,0.02869784,-0.38873994
9441.40625,0.01811552,-0.36239690
9445.3125,0.04013586,-0.35244516
9449.21875,0.03052687,-0.36293349
9453.125,0.01504445,-0.38696432
9457.03125,0.03108888,-0.41086063
9460.9375,0.00507430,-0.42153877
9464.84375,0.02925307,-0.41138142
9468.75,0.02366608,-0.37920219
9472.65625,0.02552156,-0.32971248
9476.5625,0.05453521,-0.27254647
9480.46875,0.05223761,-0.21843822
9484.375,0.05183290,-0.17370285
9488.28125,0.07104781,-0.13836344
9492.1875,0.07499925,-0.10712547
9496.09375,0.08366083,-0.07015985
9500.0,0.07474429,-0.01810446
9503.90625,0.09545075,0.04708575
9507.8125,0.11421841,0.10675924
9511.71875,0.11652118,0.13579677
9515.625,0.11444171,0.12132174
9519.53125,0.09889638,0.07403187
9523.4375,0.10075944,0.02389756
9527.34375,0.07526640,0.00098101
9531.25,0.08504767,0.01045964
9535.15625,0.10450719,0.02338336
9539.0625,0.10093282,-0.00006944
9542.96875,0.07158940,-0.07264854
9546.875,0.06103174,-0.16706181
9550.78125,0.03488602,-0.24116620
9554.6875,0.04698732,-0.27439636
9558.59375,0.03060951,-0.28164247
9562.5,0.05731793,-0.29482174
9566.40625,0.03259927,-0.33041015
9570.3125,0.02139773,-0.37400168
9574.21875,0.00070138,-0.39776960
9578.125,0.03512119,-0.39125261
9582.03125,0.01657754,-0.37108386
9585.9375,0.03980837,-0.36203566
9589.84375,0.02167923,-0.37327507
9593.75,0.01120288,-0.39368045
9597.65625,0.02163709,-0.40631112
9601.5625,0.02210780,-0.40382755
9605.46875,0.00521246,-0.39300716
9609.375,0.02801432,-0.39078254
9613.28125,0.03348796,-0.41384092
9617.1875,-0.00224623,-0.46672124
9621.09375,-0.03072235,-0.54311562
9625.0,-0.00672105,-0.63776696
9628.90625,-0.03270805,-0.74228668
9632.8125,-0.04981307,-0.81990677
9636.71875,-0.05945689,-0.78983420
9640.625,0.01025826,-0.54308826
9644.53125,0.06171240,0.01700625
9648.4375,0.26185745,0.92628860
9652.34375,0.45152092,2.12186313
9656.25,0.66247672,3.43172884
9660.15625,0.88188010,4.59984255
9664.0625,1.01884437,5.35053492
9667.96875,1.06096947,5.48370552
9671.875,0.95271975,4.95922279
9675.78125,0.74924237,3.91477060
9679.6875,0.52007371,2.60032368
9683.59375,0.30561566,1.27343452
9687.5,0.10238265,0.12036020
9691.40625,-0.02878622,-0.76631933
9695.3125,-0.16355255,-1.36828494
9699.21875,-0.20507951,-1.71102583
9703.125,-0.23563516,-1.83995092
9707.03125,-0.21763639,-1.80443072
9710.9375,-0.20857313,-1.64951181
9714.84375,-0.15076616,-1.41673124
9718.75,-0.12723006,-1.14971232
9722.65625,-0.06780474,-0.89561480
9726.5625,-0.02426081,-0.69618851
9730.46875,-0.01777027,-0.57246292
9734.375,-0.00491709,-0.51738703
9738.28125,-0.00046593,-0.50438106
9742.1875,-0.01065886,-0.50382137
9746.09375,-0.00017294,-0.49645114
9750.0,0.00464701,-0.47907624
9753.90625,-0.00189281,-0.46131128
9757.8125,0.02484859,-0.45442799
9761.71875,-0.01013436,-0.45932028
9765.625,0.00051920,-0.46576762
9769.53125,0.00354497,-0.46496129
9773.4375,0.01239006,-0.45896000
9777.34375,0.00410931,-0.45466414
9781.25,0.00262619,-0.45160723
9785.15625,0.00687105,-0.43912154
9789.0625,0.01657168,-0.40554461
9792.96875,0.01092741,-0.35051334
9796.875,0.04504324,-0.28884587
9800.78125,0.03599846,-0.24016918
9804.6875,0.05595082,-0.21217528
9808.59375,0.03905531,-0.19397663
9812.5,0.05923507,-0.16599166
9816.40625,0.05765326,-0.11659615
9820.3125,0.06790373,-0.05204411
9824.21875,0.09247043,0.00756129
9828.125,0.09049550,0.04464636
9832.03125,0.09374107,0.06046432
9835.9375,0.09837630,0.07601660
9839.84375,0.08869399,0.11571392
9843.75,0.11808790,0.18803294
9847.65625,0.12391178,0.28006843
9851.5625,0.16527106,0.37020513
9855.46875,0.14862774,0.44581664
9859.375,0.16868022,0.50904918
9863.28125,0.17724064,0.56854576
9867.1875,0.18300757,0.62898266
9871.09375,0.21476410,0.68826377
9875.0,0.20059021,0.74306440
9878.90625,0.23178385,0.79664153
9882.8125,0.21201958,0.85908628
9886.71875,0.23764050,0.93589222
9890.625,0.27387094,1.01682842
9894.53125,0.25886190,1.08073163
9898.4375,0.27080336,1.11168599
9902.34375,0.27697453,1.11028230
9906.25,0.27830124,1.09422445
9910.15625,0.24873447,1.08778453
9914.0625,0.26329276,1.10208237
9917.96875,0.29302761,1.12455022
9921.875,0.28257805,1.13424814
9925.78125,0.26097369,1.12473834
9929.6875,0.25759739,1.10413802
9933.59375,0.28361332,1.07795310
9937.5,0.25605422,1.04299033
9941.40625,0.25150257,0.99668169
9945.3125,0.24014422,0.94390911
9949.21875,0.22608936,0.89253658
9953.125,0.22918180,0.84430915
9957.03125,0.22063324,0.79204565
9960.9375,0.20009425,0.72737110
9964.84375,0.19039130,0.65043813
9968.75,0.16915123,0.57051384
9972.65625,0.18279050,0.49858528
9976.5625,0.13707338,0.44044724
9980.46875,0.14614511,0.39323711
9984.375,0.13938469,0.34607527
9988.28125,0.13332950,0.28722054
9992.1875,0.10909893,0.21352771
9996.09375,0.10423370,0.13337223
10000.0,0.08578573,0.06101456
10003.90625,0.06881978,0.00610055
10007.8125,0.07143260,-0.03493603
10011.71875,0.07424203,-0.07496075
10015.625,0.06271115,-0.11968883
10019.53125,0.03283067,-0.15917464
10023.4375,0.04188498,-0.18140000
10027.34375,0.05106819,-0.19037709
10031.25,0.03500004,-0.20487392
10035.15625,0.04355481,-0.24143930
10039.0625,0.02282924,-0.30054232
10042.96875,0.01644546,-0.36558574
10046.875,-0.02492602,-0.41507316
10050.78125,0.02807135,-0.43888035
10054.6875,-0.01021593,-0.44279897
10058.59375,0.00221633,-0.43896192
10062.5,-0.00580803,-0.43625861
10066.40625,-0.00463745,-0.43843615
10070.3125,0.01291057,-0.44526389
10074.21875,-0.01763701,-0.45333374
10078.125,0.00463936,-0.45789257
10082.03125,-0.01498008,-0.45607910
10085.9375,-0.00110779,-0.44956324
10089.84375,0.00369656,-0.44398543
10093.75,-0.00435267,-0.44394329
10097.65625,-0.00599157,-0.44783399
10101.5625,-0.00457624,-0.44926015
10105.46875,-0.00525919,-0.44374567
10109.375,0.00399429,-0.43239349
10113.28125,0.00113986,-0.41906971
10117.1875,-0.00877413,-0.40693349
10121.09375,0.02293936,-0.39849442
10125.0,-0.01246555,-0.39535370
10128.90625,0.01746305,-0.39596006
10132.8125,-0.00666797,-0.39598867
10136.71875,0.01125364,-0.39267787
10140.625,0.00808393,-0.38846633
10144.53125,-0.00874469,-0.39066383
10148.4375,0.00481404,-0.40737921
10152.34375,0.01962077,-0.43903250
10156.25,-0.02405863,-0.47081646
10160.15625,-0.02084682,-0.48092267
10164.0625,-0.01515402,-0.46295691
10167.96875,0.01642795,-0.43503511
10171.875,0.00062912,-0.42167035
10175.78125,-0.01385361,-0.43117771
10179.6875,-0.00793999,-0.45316097
10183.59375,-0.00248962,-0.47091520
10187.5,-0.01592916,-0.47235173
10191.40625,-0.00913619,-0.45590368
10195.3125,-0.00473133,-0.43218341
10199.21875,-0.00024859,-0.41785187
10203.125,0.00530865,-0.42360142
10207.03125,-0.01214365,-0.44600636
10210.9375,-0.00884868,-0.47025052
10214.84375,-0.02183225,-0.48147744
10218.75,-0.00814851,-0.47569814
10222.65625,-0.00546805,-0.46103549
10226.5625,-0.00770373,-0.44806182
10230.46875,-0.00166642,-0.43943733
10234.375,-0.02003811,-0.43087557
10238.28125,0.00613455,-0.42161706
10242.1875,-0.00542742,-0.41889119
10246.09375,0.00684619,-0.42857713
10250.0,-0.01900104,-0.44512010
10253.90625,-0.01000270,-0.45587474
10257.8125,-0.00640164,-0.45447254
10261.71875,-0.01551746,-0.44642144
10265.625,0.00526152,-0.44175965
10269.53125,-0.00767838,-0.44417050
10273.4375,-0.02404464,-0.44828197
10277.34375,0.00461765,-0.44663534
10281.25,-0.01376711,-0.43626764
10285.15625,-0.00169433,-0.41877726
10289.0625,0.00614548,-0.39798009
10292.96875,-0.01379808,-0.37841225
10296.875,0.01783822,-0.36316162
10300.78125,0.01475940,-0.35021603
10304.6875,-0.00825941,-0.33204502
10308.59375,0.03009953,-0.30251339
10312.5,0.01302503,-0.26384002
10316.40625,0.02192917,-0.22480890
10320.3125,0.05919522,-0.19173753
10324.21875,0.03227651,-0.15983196
10328.125,0.02744638,-0.11626365
10332.03125,0.06925834,-0.05608111
10335.9375,0.07259843,0.00906345
10339.84375,0.07079085,0.06134033
10343.75,0.09840797,0.09176434
10347.65625,0.07088993,0.10352889
10351.5625,0.07758422,0.10286494
10355.46875,0.09620123,0.08927600
10359.375,0.07400119,0.05788699
10363.28125,0.06439251,0.00920683
10367.1875,0.06335881,-0.04858518
10371.09375,0.04399700,-0.10589880
10375.0,0.03387524,-0.15746725
10378.90625,0.03830490,-0.20302917
10382.8125,0.02453321,-0.24345097
10386.71875,0.02029796,-0.27703887
10390.625,0.00462694,-0.30183482
10394.53125,0.01081878,-0.32157165
10398.4375,0.00804916,-0.34600019
10402.34375,0.00799024,-0.38209346
10406.25,-0.01173724,-0.42457682
10410.15625,-0.01497150,-0.45703605
10414.0625,-0.02308078,-0.46438992
10417.96875,-0.00702482,-0.44527435
10421.875,-0.00080701,-0.41243070
10425.78125,-0.00116869,-0.38208288
10429.6875,-0.00340356,-0.36477602
10433.59375,0.00105978,-0.36471453
10437.5,0.00746421,-0.38143712
10441.40625,-0.01087859,-0.40873507
10445.3125,-0.00713202,-0.43684390
10449.21875,-0.02651731,-0.46238974
10453.125,-0.01859131,-0.49662715
10457.03125,-0.02487573,-0.55845910
10460.9375,-0.05982627,-0.65299320
10464.84375,-0.04695186,-0.74977797
10468.75,-0.07007558,-0.77273887
10472.65625,-0.04214909,-0.60986793
10476.5625,0.02743238,-0.14894700
10480.46875,0.18588002,0.66890949
10484.375,0.36158329,1.80262709
10488.28125,0.59857827,3.09539199
10492.1875,0.80952322,4.30201435
10496.09375,0.95929366,5.15591240
10500.0,1.01882315,5.45283556
10503.90625,0.95287496,5.11793423
10507.8125,0.79354042,4.22911453
10511.71875,0.58530140,2.98735166
10515.625,0.33102337,1.64549541
10519.53125,0.12606193,0.42455971
10523.4375,-0.02640184,-0.54398769
10527.34375,-0.13685597,-1.22348511
10531.25,-0.21897651,-1.63585007
10535.15625,-0.25329927,-1.82232940
10539.0625,-0.26372361,-1.82655382
10542.96875,-0.21743536,-1.69457543
10546.875,-0.19735804,-1.47641659
10550.78125,-0.15317816,-1.22364283
10554.6875,-0.09870169,-0.98313248
10558.59375,-0.08045808,-0.78717148
10562.5,-0.04426398,-0.64615804
10566.40625,-0.02815680,-0.55173564
10570.3125,-0.03229475,-0.48859864
10574.21875,-0.02015305,-0.44668958
10578.125,-0.00069433,-0.42505652
10582.03125,-0.00943168,-0.42393398
10585.9375,-0.00989355,-0.43456507
10589.84375,-0.02734785,-0.44066581
10593.75,-0.01201488,-0.43073100
10597.65625,0.00499174,-0.40599483
10601.5625,-0.01171976,-0.37597179
10605.46875,-0.00239230,-0.35038009
10609.375,0.00601894,-0.33506167
10613.28125,0.02477504,-0.32842463
10617.1875,-0.02066782,-0.32065240
10621.09375,0.01415800,-0.30323893
10625.0,0.01839303,-0.27993333
10628.90625,0.00938198,-0.26343635
10632.8125,0.03594214,-0.26117349
10636.71875,0.00247990,-0.26586238
10640.625,0.00501855,-0.26068631
10644.53125,0.02636718,-0.23441313
10648.4375,0.04252442,-0.18900760
10652.34375,0.02872499,-0.13208349
10656.25,0.04854044,-0.06834907
10660.15625,0.05065238,-0.00162934
10664.0625,0.08914668,0.06029484
10667.96875,0.06843843,0.10896266
10671.875,0.10122842,0.14420605
10675.78125,0.07096267,0.17726161
10679.6875,0.10548304,0.22227229
10683.59375,0.11794823,0.28506798
10687.5,0.11390701,0.36128321
10691.40625,0.13758488,0.44236827
10695.3125,0.15722466,0.52137274
10699.21875,0.16187567,0.59595203
10703.125,0.17094797,0.66773140
10707.03125,0.18742202,0.73844975
10710.9375,0.20488332,0.80809271
10714.84375,0.21651265,0.87710315
10718.75,0.21319959,0.94715703
10722.65625,0.24047162,1.01707125
10726.5625,0.23630726,1.07904267
10730.46875,0.27410489,1.12219715
10734.375,0.25038025,1.14256406
10738.28125,0.25810567,1.14901721
10742.1875,0.24637096,1.15626836
10746.09375,0.27891707,1.17130661
10750.0,0.25910884,1.18812501
10753.90625,0.26505578,1.19447398
10757.8125,0.27001721,1.18192852
10761.71875,0.25085270,1.15014970
10765.625,0.25324973,1.10254657
10769.53125,0.23944119,1.04031277
10773.4375,0.22764188,0.96462226
10777.34375,0.21355493,0.88378972
10781.25,0.19554219,0.81287968
10785.15625,0.19680728,0.76376814
10789.0625,0.17565693,0.73639721
10792.96875,0.19617088,0.71876574
10796.875,0.16206200,0.69335020
10800.78125,0.19568573,0.64627784
10804.6875,0.14901640,0.57637101
10808.59375,0.13087976,0.49554008
10812.5,0.14501154,0.41703171
10816.40625,0.11848793,0.34532145
10820.3125,0.10175310,0.27793658
10824.21875,0.09041549,0.21099783
10828.125,0.09981166,0.14189854
10832.03125,0.06346464,0.07111551
10835.9375,0.04906441,0.00103696
10839.84375,0.05224943,-0.06767979
10843.75,0.05004909,-0.13390718
10847.65625,0.01297294,-0.19089419
10851.5625,0.01520920,-0.23133269
10855.46875,0.01407249,-0.25833201
10859.375,0.01305476,-0.28439701
10863.28125,0.01273383,-0.31803361
10867.1875,-0.01396694,-0.35491866
10871.09375,-0.00056647,-0.38205081
10875.0,-0.02164803,-0.38821226
10878.90625,0.00670764,-0.37230074
10882.8125,-0.00897255,-0.34608451
10886.71875,0.00158474,-0.32963967
10890.625,0.00685143,-0.33921006
10894.53125,-0.00842854,-0.37405592
10898.4375,-0.01165644,-0.41467652
10902.34375,-0.02221150,-0.43685260
10906.25,-0.02182227,-0.43029013
10910.15625,-0.00914472,-0.40641591
10914.0625,-0.00574601,-0.38875306
10917.96875,0.00439359,-0.39235011
10921.875,-0.02663921,-0.41074988
10925.78125,-0.02987403,-0.42583731
10929.6875,0.00461150,-0.42935452
10933.59375,-0.01810013,-0.42893690
10937.5,-0.03088637,-0.43540761
10941.40625,-0.00696650,-0.45117489
10945.3125,-0.02148595,-0.46832556
10949.21875,-0.02504998,-0.47332796
10953.125,-0.03464638,-0.45760724
10957.03125,-0.00933581,-0.42718869
10960.9375,-0.00902394,-0.39972034
10964.84375,0.00009013,-0.39034113
10968.75,-0.01781601,-0.40099356
10972.65625,-0.02390723,-0.42297477
10976.5625,-0.01765210,-0.44760698
10980.46875,-0.01674340,-0.47188452
10984.375,-0.02352923,-0.49372354
10988.28125,-0.03564018,-0.50577128
10992.1875,-0.03240428,-0.49862763
10996.09375,-0.02105314,-0.47153708
11000.0,-0.02449511,-0.43817753
11003.90625,0.00050890,-0.41854143
11007.8125,-0.01773809,-0.42195153
11011.71875,-0.02169823,-0.43868509
11015.625,-0.02703623,-0.45056066
11019.53125,-0.01200617,-0.44778523
11023.4375,-0.02133365,-0.43356615
11027.34375,-0.00764105,-0.41692531
11031.25,-0.01790000,-0.40554467
11035.15625,-0.00589566,-0.40270823
11039.0625,-0.02058920,-0.40640715
11042.96875,-0.01091566,-0.41118807
11046.875,-0.00404071,-0.41214609
11050.78125,-0.02408506,-0.40692765
11054.6875,-0.00169191,-0.39483091
11058.59375,-0.01951244,-0.37659019
11062.5,0.00696739,-0.35639390
11066.40625,-0.00086012,-0.34246174
11070.3125,-0.00539206,-0.34280282
11074.21875,-0.00687453,-0.35921758
11078.125,0.00275467,-0.38487786
11082.03125,-0.02403425,-0.40757465
11085.9375,-0.00668400,-0.41732660
11089.84375,-0.01871033,-0.41312256
11093.75,-0.01382038,-0.40405732
11097.65625,-0.01109697,-0.40467203
11101.5625,-0.00426857,-0.42481109
11105.46875,-0.02531934,-0.45842594
11109.375,-0.02877450,-0.48422155
11113.28125,-0.03335646,-0.48246473
11117.1875,-0.00795504,-0.45113629
11121.09375,-0.01917815,-0.40500933
11125.0,-0.00368239,-0.36347204
11128.90625,0.00395077,-0.34040990
11132.8125,0.00921459,-0.33805904
11136.71875,-0.02372412,-0.34528616
11140.625,0.00732272,-0.34453794
11144.53125,0.01358858,-0.32176435
11148.4375,0.00771681,-0.27059779
11152.34375,0.00925850,-0.19496512
11156.25,0.04205765,-0.11199799
11160.15625,0.07357641,-0.04431427
11164.0625,0.04110167,-0.00318819
11167.96875,0.06220351,0.01828078
11171.875,0.07743206,0.03700431
11175.78125,0.04711625,0.06851019
11179.6875,0.10109908,0.11714988
11183.59375,0.07136922,0.16957542
11187.5,0.09310589,0.19883277
11191.40625,0.11036577,0.18159802
11195.3125,0.07399483,0.11751921
11199.21875,0.05086013,0.03097175
11203.125,0.05465538,-0.04910687
11207.03125,0.03988666,-0.10867605
11210.9375,0.04404973,-0.14917451
11214.84375,0.01541491,-0.17802696
11218.75,0.03179967,-0.20348209
11222.65625,0.00266469,-0.23369652
11226.5625,0.04324247,-0.27337950
11230.46875,-0.01843590,-0.31915349
11234.375,0.00492673,-0.36193508
11238.28125,-0.02608733,-0.39663261
11242.1875,0.00302179,-0.42689395
11246.09375,-0.01346871,-0.45797709
11250.0,-0.03879664,-0.48806581
11253.90625,-0.02783466,-0.50984496
11257.8125,-0.02483533,-0.51792938
11261.71875,-0.03357192,-0.51210934
11265.625,-0.01731684,-0.49637803
11269.53125,-0.03096845,-0.47711629
11273.4375,-0.01918906,-0.46079957
11277.34375,-0.01281506,-0.45261669
11281.25,-0.02064016,-0.45793995
11285.15625,-0.03030821,-0.48619032
11289.0625,-0.04006689,-0.55193800
11292.96875,-0.04498243,-0.66432816
11296.875,-0.07574812,-0.80334860
11300.78125,-0.08233333,-0.89805043
11304.6875,-0.09681882,-0.82989204
11308.59375,-0.02373683,-0.47149917
11312.5,0.10944836,0.25541139
11316.40625,0.28169554,1.33298755
11320.3125,0.50717187,2.62976074
11324.21875,0.73487896,3.91816258
11328.125,0.93427855,4.92924595
11332.03125,1.00293911,5.43277359
11335.9375,0.96748990,5.30882931
11339.84375,0.87113166,4.58106709
11343.75,0.65157038,3.40682745
11347.65625,0.40394509,2.02995062
11351.5625,0.17614096,0.70566124
11355.46875,-0.01378644,-0.37554410
11359.375,-0.13199264,-1.13017988
11363.28125,-0.20731799,-1.57478046
11367.1875,-0.23118173,-1.78099990
11371.09375,-0.25987849,-1.82251978
11375.0,-0.24098589,-1.74590492
11378.90625,-0.21339175,-1.57677948
11382.8125,-0.17921357,-1.34350896
11386.71875,-0.11814459,-1.09012020
11390.625,-0.08469176,-0.86548197
11394.53125,-0.06243879,-0.70102251
11398.4375,-0.03100697,-0.59920907
11402.34375,-0.04707930,-0.54144645
11406.25,-0.02219572,-0.50637442
11410.15625,-0.02233330,-0.48301056
11414.0625,-0.00791799,-0.46944466
11417.96875,-0.02437333,-0.46341303
11421.875,-0.01861665,-0.45898494
11425.78125,-0.01844807,-0.45243359
11429.6875,-0.00896129,-0.44683072
11433.59375,-0.01438555,-0.44760925
11437.5,-0.01375982,-0.45389026
11441.40625,-0.01994239,-0.45575818
11445.3125,-0.01555195,-0.44081354
11449.21875,0.00332789,-0.40321824
11453.125,-0.00934398,-0.34768853
11457.03125,0.01534912,-0.28786534
11460.9375,0.02934028,-0.24003077
11464.84375,0.02850438,-0.21325089
11468.75,0.02196360,-0.20389502
11472.65625,0.02623265,-0.20094992
11476.5625,0.03459531,-0.19488682
11480.46875,0.03308538,-0.18019046
11484.375,0.03764348,-0.15323283
11488.28125,0.04584257,-0.11221611
11492.1875,0.04510712,-0.06057686
11496.09375,0.05773707,-0.00913652
11500.0,0.09401209,0.03090662
11503.90625,0.06767871,0.06309070
11507.8125,0.07939278,0.10975435
11511.71875,0.08193532,0.19177522
11515.625,0.12454010,0.30385768
11519.53125,0.15051895,0.41663900
11523.4375,0.15366295,0.50461721
11527.34375,0.14858006,0.56648368
11531.25,0.17420422,0.61714560
11535.15625,0.18173343,0.66819936
11539.0625,0.19652826,0.72144979
11542.96875,0.18812335,0.77563876
11546.875,0.22164756,0.83259147
11550.78125,0.21227279,0.89696944
11554.6875,0.23509718,0.97171003
11558.59375,0.24775387,1.05292058
11562.5,0.25774369,1.12882388
11566.40625,0.27558541,1.18461323
11570.3125,0.27729845,1.20996284
11574.21875,0.26137540,1.20432496
11578.125,0.29331934,1.17824483
11582.03125,0.24780704,1.15037858
11585.9375,0.25972024,1.13738179
11589.84375,0.26833966,1.14113176
11593.75,0.27005371,1.14772618
11597.65625,0.25893250,1.13960910
11601.5625,0.25272557,1.10592008
11605.46875,0.26542589,1.04588473
11609.375,0.21789868,0.97002405
11613.28125,0.22709745,0.89620751
11617.1875,0.21106341,0.83870322
11621.09375,0.20882697,0.79967481
11625.0,0.19221619,0.76908499
11628.90625,0.19313177,0.72967851
11632.8125,0.18966775,0.66623700
11636.71875,0.18358952,0.57827926
11640.625,0.12551555,0.48360997
11644.53125,0.13371073,0.40262142
11648.4375,0.14280453,0.33994806
11652.34375,0.11758093,0.28645030
11656.25,0.10230926,0.23337239
11660.15625,0.09410464,0.17697081
11664.0625,0.09665406,0.11532605
11667.96875,0.07420581,0.04985430
11671.875,0.06920166,-0.01134077
11675.78125,0.05566438,-0.05723140
11679.6875,0.05154122,-0.08310264
11683.59375,0.04729419,-0.09659308
11687.5,0.06110418,-0.11407220
11691.40625,0.03974391,-0.14900106
11695.3125,0.02882582,-0.20260149
11699.21875,0.03561726,-0.26431152
11703.125,-0.00117555,-0.31938887
11707.03125,0.00958361,-0.35810199
11710.9375,0.01199145,-0.38069674
11714.84375,-0.00599902,-0.39404941
11718.75,0.00301518,-0.40467265
11722.65625,-0.00039602,-0.41465938
11726.5625,-0.00439764,-0.42116252
11730.46875,-0.00734851,-0.41993585
11734.375,-0.00083481,-0.41183606
11738.28125,0.00938018,-0.40445161
11742.1875,-0.00834821,-0.40534166
11746.09375,0.00000600,-0.41506660
11750.0,0.00135977,-0.42746317
11753.90625,-0.01142789,-0.43576929
11757.8125,-0.00732450,-0.43929404
11761.71875,0.00643177,-0.44404423
11765.625,-0.02309180,-0.45574316
11769.53125,-0.00483428,-0.47359931
11773.4375,-0.00564955,-0.48979846
11777.34375,-0.01273763,-0.49197370
11781.25,-0.03231204,-0.47109923
11785.15625,0.00238756,-0.43340787
11789.0625,0.02278662,-0.39962557
11792.96875,-0.00841569,-0.38692129
11796.875,0.00433898,-0.39596954
11800.78125,-0.00253746,-0.41669393
11804.6875,-0.00269644,-0.43923479
11808.59375,-0.00852112,-0.45746711
11812.5,-0.00123777,-0.46765223
11816.40625,-0.01720171,-0.46807063
11820.3125,-0.00616037,-0.46099517
11824.21875,-0.00438124,-0.45346025
11828.125,-0.00403903,-0.45342219
11832.03125,-0.01496446,-0.46445546
11835.9375,0.00454074,-0.48331898
11839.84375,-0.02313665,-0.50062221
11843.75,-0.02024856,-0.50566912
11847.65625,-0.00274324,-0.49475053
11851.5625,-0.02588582,-0.47525993
11855.46875,0.02142352,-0.45975980
11859.375,-0.02008519,-0.45455092
11863.28125,-0.01032413,-0.45425588
11867.1875,0.01168663,-0.44764730
11871.09375,-0.01970051,-0.42802513
11875.0,0.01459647,-0.40013117
11878.90625,0.01245073,-0.37815681
11882.8125,0.01011505,-0.37390149
11886.71875,-0.00314577,-0.38688493
11890.625,0.01434271,-0.40730456
11894.53125,-0.00415214,-0.42483410
11898.4375,0.00828585,-0.43275478
11902.34375,-0.01382803,-0.42883208
11906.25,0.00894740,-0.41699129
11910.15625,0.00704906,-0.40657449
11914.0625,0.00558098,-0.40595275
11917.96875,0.00883480,-0.41573468
11921.875,-0.01397471,-0.42915526
11925.78125,0.01017041,-0.43885764
11929.6875,-0.00357622,-0.44197395
11933.59375,0.00001371,-0.43946129
11937.5,0.00560892,-0.43350843
11941.40625,-0.00740231,-0.42654398
11945.3125,0.01078571,-0.42101157
11949.21875,-0.00089837,-0.41807836
11953.125,0.01161820,-0.41555312
11957.03125,0.00526043,-0.40803859
11960.9375,-0.00250884,-0.39149639
11964.84375,0.02210804,-0.36818936
11968.75,0.01504103,-0.34472448
11972.65625,0.02697290,-0.32438502
11976.5625,0.02159203,-0.30411732
11980.46875,0.01603626,-0.28005674
11984.375,0.05328552,-0.25207311
11988.28125,0.02757209,-0.21980579
11992.1875,0.05304622,-0.17813560
11996.09375,0.04926144,-0.12114657
12000.0,0.08412901,-0.04850136
12003.90625,0.06307111,0.03305836
12007.8125,0.10252264,0.11055060
12011.71875,0.12789842,0.16821687
12015.625,0.08912756,0.19462597
12019.53125,0.11268351,0.18582761
12023.4375,0.12030171,0.14415666
12027.34375,0.07716048,0.08009637
12031.25,0.08612375,0.01175971
12035.15625,0.06964942,-0.04408684
12039.0625,0.06875884,-0.07995906
12042.96875,0.05528694,-0.09753184
12046.875,0.07316184,-0.10421388
12050.78125,0.04418910,-0.11142336
12054.6875,0.06358546,-0.13393936
12058.59375,0.05423616,-0.18452279
12062.5,0.03675749,-0.26209602
12066.40625,0.01261931,-0.34586197
12070.3125,0.00791973,-0.40732092
12074.21875,0.00228422,-0.43120652
12078.125,0.01754981,-0.42446983
12082.03125,0.00833030,-0.40611631
12085.9375,0.00822577,-0.39184967
12089.84375,0.00825866,-0.38891459
12093.75,0.02899767,-0.39826974
12097.65625,0.00361591,-0.41409835
12101.5625,0.00146386,-0.42421502
12105.46875,0.00945703,-0.41910255
12109.375,0.00898693,-0.40310305
12113.28125,0.01863187,-0.39531484
12117.1875,0.01629667,-0.41852939
12121.09375,-0.01821809,-0.48626760
12125.0,-0.01576406,-0.59671885
12128.90625,-0.04491587,-0.72889507
12132.8125,-0.04921455,-0.83240896
12136.71875,-0.05769383,-0.81873840
12140.625,-0.02417200,-0.57395113
12144.53125,0.07938576,0.00052890
12148.4375,0.24663332,0.93629646
12152.34375,0.43994248,2.15968657
12156.25,0.68868971,3.48351479
12160.15625,0.88727200,4.64031839
12164.0625,1.01163757,5.35722113
12167.96875,1.03800774,5.44845486
12171.875,0.94363725,4.88580608
12175.78125,0.74544519,3.81114435
12179.6875,0.47884694,2.47700262
12183.59375,0.27613360,1.14403117
12187.5,0.10304434,-0.00092545
12191.40625,-0.07482125,-0.86587429
12195.3125,-0.15416692,-1.43289340
12199.21875,-0.23422495,-1.73210311
12203.125,-0.20551644,-1.81939936
12207.03125,-0.23202747,-1.75448096
12210.9375,-0.18421400,-1.58760703
12214.84375,-0.15927182,-1.36205566
12218.75,-0.10882861,-1.12081409
12222.65625,-0.05868134,-0.90212023
12226.5625,-0.04334979,-0.72729301
12230.46875,-0.03364773,-0.59846550
12234.375,0.01050900,-0.51038969
12238.28125,-0.00070693,-0.45922527
12242.1875,0.02343610,-0.43793225
12246.09375,-0.00013129,-0.43068850
12250.0,0.00654834,-0.42041966
12253.90625,0.02037526,-0.40314007
12257.8125,0.02394574,-0.39013848
12261.71875,0.02228645,-0.39295968
12265.625,0.00582791,-0.40812951
12269.53125,0.02303415,-0.41832855
12273.4375,0.00074843,-0.40808094
12277.34375,0.03113835,-0.37851384
12281.25,0.02494964,-0.34655285
12285.15625,0.03560776,-0.32862034
12289.0625,0.02339949,-0.32610011
12292.96875,0.03048994,-0.32686266
12296.875,0.04339824,-0.31675676
12300.78125,0.02432189,-0.28829262
12304.6875,0.03961011,-0.24474056
12308.59375,0.06218120,-0.19960879
12312.5,0.06497072,-0.16661364
12316.40625,0.05971621,-0.14597507
12320.3125,0.06375460,-0.12305754
12324.21875,0.06539499,-0.08263966
12328.125,0.08432939,-0.02382982
12332.03125,0.10527188,0.04020512
12335.9375,0.10867056,0.09704080
12339.84375,0.10318623,0.14657317
12343.75,0.11754572,0.19657880
12347.65625,0.14674440,0.25181887
12351.5625,0.12239083,0.31147388
12355.46875,0.18137500,0.37374884
12359.375,0.13889411,0.43868884
12363.28125,0.18616788,0.50662661
12367.1875,0.18971111,0.57695395
12371.09375,0.20084174,0.65048337
12375.0,0.21280178,0.73006570
12378.90625,0.23576535,0.81596047
12382.8125,0.24087991,0.90221274
12386.71875,0.24896650,0.97792548
12390.625,0.28146192,1.03181255
12394.53125,0.27445975,1.05988252
12398.4375,0.27578869,1.07156873
12402.34375,0.26442617,1.08467996
12406.25,0.28454345,1.11070573
12410.15625,0.29008159,1.14537656
12414.0625,0.29858056,1.17376328
12417.96875,0.29264644,1.18307996
12421.875,0.29050794,1.17055726
12425.78125,0.28253907,1.14192498
12429.6875,0.29516584,1.10576093
12433.59375,0.25933376,1.06890595
12437.5,0.27472562,1.03375578
12441.40625,0.28148541,0.99904656
12445.3125,0.22414583,0.96226895
12449.21875,0.26423451,0.91773188
12453.125,0.24361846,0.85659099
12457.03125,0.23122986,0.77791971
12460.9375,0.20556036,0.69736069
12464.84375,0.19463423,0.63586259
12468.75,0.18074964,0.59815365
12472.65625,0.22196181,0.56635964
12476.5625,0.15737696,0.51629436
12480.46875,0.18398187,0.43771511
12484.375,0.14266235,0.33989400
12488.28125,0.12209165,0.24208564
12492.1875,0.13110957,0.15914820
12496.09375,0.10982875,0.09438914
12500.0,0.09254974,0.04309375
12503.90625,0.08866240,-0.00168195
12507.8125,0.09404042,-0.04563978
12511.71875,0.07368683,-0.09022871
12515.625,0.06261218,-0.13311651
12519.53125,0.06506904,-0.17294475
12523.4375,0.06294837,-0.21051858
12527.34375,0.03573278,-0.24485092
12531.25,0.06283796,-0.27197969
12535.15625,0.02951642,-0.28897586
12539.0625,0.03741468,-0.29871604
12542.96875,0.04784735,-0.31006658
12546.875,0.03890882,-0.32988259
12550.78125,0.02707230,-0.35411730
12554.6875,0.02365629,-0.37118021
12558.59375,0.02702921,-0.37466356
12562.5,0.03934759,-0.36867672
12566.40625,0.02347887,-0.36056852
12570.3125,0.03693192,-0.35348362
12574.21875,0.02021688,-0.34852436
12578.125,0.04639253,-0.35020277
12582.03125,0.02315898,-0.36440909
12585.9375,0.03569762,-0.39077482
12589.84375,0.00467170,-0.42141163
12593.75,0.01858476,-0.44901603
12597.65625,0.02711445,-0.47183299
12601.5625,-0.00376979,-0.48824859
12605.46875,0.01016950,-0.49280483
12609.375,0.00483551,-0.48265159
12613.28125,0.02462490,-0.46412441
12617.1875,0.00738173,-0.44931865
12621.09375,0.01926601,-0.44760340
12625.0,0.01568307,-0.45983317
12628.90625,0.01608906,-0.47733611
12632.8125,-0.00291158,-0.48695377
12636.71875,0.02484570,-0.48089209
12640.625,-0.00587939,-0.46397787
12644.53125,0.03066056,-0.45139357
12648.4375,0.01829452,-0.45665786
12652.34375,0.00651947,-0.47836086
12656.25,0.01473386,-0.49882418
12660.15625,-0.00407030,-0.49838248
12664.0625,0.01029124,-0.47383350
12667.96875,0.01765268,-0.44373730
12671.875,0.04482825,-0.43174624
12675.78125,0.00027544,-0.44254020
12679.6875,0.01568477,-0.45837751
12683.59375,0.00604508,-0.46043381
12687.5,0.02336370,-0.44766238
12691.40625,0.03481780,-0.43253514
12695.3125,0.00499534,-0.42494914
12699.21875,0.02003604,-0.42625365
12703.125,0.03123329,-0.43403718
12707.03125,0.01310633,-0.44432205
12710.9375,0.01527566,-0.45149484
12714.84375,0.01371704,-0.45324576
12718.75,0.01873802,-0.45449468
12722.65625,0.02125900,-0.46171597
12726.5625,0.00955656,-0.47345576
12730.46875,0.01525089,-0.47935408
12734.375,0.00547559,-0.46999463
12738.28125,0.02083407,-0.44769251
12742.1875,0.02035891,-0.42694557
12746.09375,0.03147333,-0.42279965
12750.0,0.01687536,-0.43735340
12753.90625,0.01625912,-0.45785743
12757.8125,0.00137066,-0.46880832
12761.71875,0.02824477,-0.46468410
12765.625,0.02103801,-0.44955963
12769.53125,0.01365943,-0.42847642
12773.4375,0.02432486,-0.40513733
12777.34375,0.03431548,-0.38563383
12781.25,0.02898344,-0.37737814
12785.15625,0.02916389,-0.38298929
12789.0625,0.03342609,-0.39696845
12792.96875,0.01513997,-0.40840808
12796.875,0.02789016,-0.40737000
12800.78125,0.03843576,-0.38938916
12804.6875,0.02159039,-0.35558587
12808.59375,0.04092741,-0.31184042
12812.5,0.06756428,-0.26606649
12816.40625,0.04670462,-0.22108155
12820.3125,0.06393325,-0.17207558
12824.21875,0.07707818,-0.11418178
12828.125,0.09912702,-0.04881165
12832.03125,0.08240063,0.01761353
12835.9375,0.11355384,0.07582241
12839.84375,0.12929264,0.11718658
12843.75,0.11880766,0.14156410
12847.65625,0.10698654,0.15798973
12851.5625,0.13904725,0.17219025
12855.46875,0.12486766,0.17736033
12859.375,0.11985915,0.16001324
12863.28125,0.12426460,0.11225636
12867.1875,0.10573102,0.04012117
12871.09375,0.08722499,-0.03739696
12875.0,0.06187541,-0.10123576
12878.90625,0.09208656,-0.14647862
12882.8125,0.06234598,-0.18167281
12886.71875,0.05175439,-0.21728316
12890.625,0.05407258,-0.25938371
12894.53125,0.05224496,-0.30918798
12898.4375,0.02357973,-0.36198285
12902.34375,0.03109658,-0.40899000
12906.25,0.02030515,-0.44340464
12910.15625,0.01271723,-0.46395490
12914.0625,0.01680773,-0.47392979
12917.96875,0.01596795,-0.47823244
12921.875,0.01936327,-0.47989866
12925.78125,0.00416777,-0.47935998
12929.6875,0.01028322,-0.47833493
12933.59375,0.03010651,-0.48155490
12937.5,0.00272575,-0.49079457
12941.40625,0.01751672,-0.49969581
12945.3125,0.00240667,-0.49985424
12949.21875,0.00820174,-0.49424073
12953.125,0.01023441,-0.50395292
12957.03125,0.00607801,-0.55688787
12960.9375,-0.00947878,-0.66069102
12964.84375,-0.04910445,-0.77839261
12968.75,-0.02825401,-0.82444477
12972.65625,-0.03440639,-0.68282729
12976.5625,0.07127514,-0.24040383
12980.46875,0.17899731,0.56849760
12984.375,0.38066110,1.71390069
12988.28125,0.62802374,3.04191017
12992.1875,0.83649290,4.29588079
12996.09375,1.00769651,5.19088984
13000.0,1.05684650,5.50905561
13003.90625,0.99473447,5.17234039
13007.8125,0.84407634,4.26500320
13011.71875,0.60508996,2.99962187
13015.625,0.36908847,1.63970280
13019.53125,0.16798843,0.41145492
13023.4375,-0.00008441,-0.55330670
13027.34375,-0.11234059,-1.22135818
13031.25,-0.17860509,-1.62271523
13035.15625,-0.20309252,-1.80637598
13039.0625,-0.22192056,-1.81387365
13042.96875,-0.21040568,-1.68196547
13046.875,-0.15220508,-1.46051860
13050.78125,-0.10347865,-1.21532953
13054.6875,-0.06877998,-1.00420809
13058.59375,-0.05372731,-0.84961128
13062.5,-0.03571101,-0.73685843
13066.40625,-0.01911779,-0.63871777
13070.3125,0.01501426,-0.54160106
13074.21875,0.00867310,-0.45249930
13078.125,0.03265200,-0.38794532
13082.03125,0.04545043,-0.35816824
13085.9375,0.03267482,-0.35751939
13089.84375,0.02825157,-0.36819994
13093.75,0.02710938,-0.37478763
13097.65625,0.03207450,-0.37476066
13101.5625,0.05184582,-0.37357709
13105.46875,0.02524194,-0.37244251
13109.375,0.01621099,-0.36760035
13113.28125,0.03974139,-0.36173710
13117.1875,0.05104435,-0.36543688
13121.09375,0.02489962,-0.38141876
13125.0,0.02562662,-0.39464489
13128.90625,0.02368810,-0.38407421
13132.8125,0.04714497,-0.34162846
13136.71875,0.03680143,-0.27858546
13140.625,0.07703897,-0.21642476
13144.53125,0.05118590,-0.17139609
13148.4375,0.08585289,-0.14386785
13152.34375,0.08133766,-0.11866730
13156.25,0.06076837,-0.07705104
13160.15625,0.09561920,-0.01389386
13164.0625,0.12215918,0.05708297
13167.96875,0.12123644,0.11909477
13171.875,0.11642621,0.16967744
13175.78125,0.13035206,0.21809267
13179.6875,0.14446428,0.27073693
13183.59375,0.15638812,0.32479966
13187.5,0.16498783,0.37439129
13191.40625,0.16765974,0.41967797
13195.3125,0.17731830,0.46963376
13199.21875,0.17842112,0.53521156
13203.125,0.21423933,0.61924440
13207.03125,0.22352506,0.71411788
13210.9375,0.22377129,0.80808502
13214.84375,0.26169258,0.89082342
13218.75,0.24906138,0.95505971
13222.65625,0.28292647,0.99889976
13226.5625,0.27042907,1.02910459
13230.46875,0.27460375,1.05933082
13234.375,0.29307094,1.10069942
13238.28125,0.27934617,1.15139055
13242.1875,0.31138220,1.19554651
13246.09375,0.31820258,1.21540499
13250.0,0.29650787,1.20723915
13253.90625,0.30289829,1.18393290
13257.8125,0.28343642,1.16072369
13261.71875,0.29768091,1.14094794
13265.625,0.30160823,1.11737299
13269.53125,0.27582830,1.08490992
13273.4375,0.27868569,1.04800320
13277.34375,0.26943880,1.01481330
13281.25,0.25357297,0.98526013
13285.15625,0.26662767,0.94533288
13289.0625,0.26409841,0.87691993
13292.96875,0.21276303,0.77703923
13296.875,0.22077216,0.66493976
13300.78125,0.17604339,0.56746662
13304.6875,0.18905583,0.49839130
13308.59375,0.18003307,0.45185700
13312.5,0.16189954,0.41223595
13316.40625,0.15488766,0.36599216
13320.3125,0.14592415,0.30592161
13324.21875,0.14838131,0.23319976
13328.125,0.11913701,0.15981194
13332.03125,0.09988350,0.10187840
13335.9375,0.10478864,0.06391443
13339.84375,0.11634362,0.03295460
13343.75,0.07784481,-0.00862979
13347.65625,0.09356342,-0.06772555
13351.5625,0.07380329,-0.13676773
13355.46875,0.04656420,-0.20015138
13359.375,0.05548344,-0.24557842
13363.28125,0.04488772,-0.27294469
13367.1875,0.05430399,-0.29277122
13371.09375,0.02444432,-0.31717300
13375.0,0.04179942,-0.35181686
13378.90625,0.03600299,-0.39078853
13382.8125,0.00404127,-0.41741425
13386.71875,0.02748910,-0.41694689
13390.625,0.01924824,-0.39239848
13394.53125,0.03899194,-0.36478791
13398.4375,0.03140699,-0.35582820
13402.34375,0.03332232,-0.37024692
13406.25,0.02286216,-0.39382416
13410.15625,0.00826216,-0.40842134
13414.0625,0.03414644,-0.40877756
13417.96875,0.02823793,-0.40305364
13421.875,0.01829641,-0.39950407
13425.78125,0.01877005,-0.39914927
13429.6875,0.02881886,-0.40070426
13433.59375,0.02733824,-0.40461987
13437.5,0.01643716,-0.41060233
13441.40625,0.01288289,-0.41700915
13445.3125,0.03000229,-0.42402032
13449.21875,0.01745248,-0.43309304
13453.125,0.01039562,-0.44307810
13457.03125,0.01639787,-0.45033082
13460.9375,0.01141105,-0.45229095
13464.84375,0.01943569,-0.44902983
13468.75,0.01073763,-0.44278845
13472.65625,0.01544306,-0.43778959
13476.5625,0.02188392,-0.43873513
13480.46875,0.01077062,-0.44708318
13484.375,0.00850824,-0.45933768
13488.28125,0.01796254,-0.46962580
13492.1875,0.00413712,-0.47296828
13496.09375,0.01155203,-0.46727738
13500.0,0.01140350,-0.45459601
13503.90625,0.01702339,-0.43996266
13507.8125,0.01723002,-0.42815921
13511.71875,0.01257540,-0.42189169
13515.625,0.03245290,-0.42155331
13519.53125,0.00320768,-0.42512026
13523.4375,0.01160653,-0.43042797
13527.34375,0.03059822,-0.43776995
13531.25,0.00953866,-0.44629368
13535.15625,0.01277388,-0.44955161
13539.0625,0.00282975,-0.44171420
13542.96875,0.01660343,-0.42865151
13546.875,0.03082775,-0.42603683
13550.78125,0.01127646,-0.44264340
13554.6875,0.00326086,-0.46870095
13558.59375,0.01124720,-0.48409370
13562.5,-0.00507624,-0.47797725
13566.40625,0.00371907,-0.46066439
13570.3125,0.04145678,-0.45450950
13574.21875,-0.00356701,-0.46961692
13578.125,-0.00438494,-0.49161699
13582.03125,0.00956004,-0.49672261
13585.9375,0.00007733,-0.47471374
13589.84375,0.00981233,-0.43664360
13593.75,0.03605821,-0.40416777
13597.65625,0.02480887,-0.39013833
13601.5625,0.00081287,-0.38914442
13605.46875,0.02570643,-0.38964760
13609.375,0.02503130,-0.39036688
13613.28125,0.02821921,-0.39765450
13617.1875,0.00886140,-0.41053188
13621.09375,0.01981890,-0.41616389
13625.0,0.01320635,-0.40124437
13628.90625,0.02638482,-0.36590093
13632.8125,0.02736184,-0.32624137
13636.71875,0.04423014,-0.30190733
13640.625,0.04153876,-0.29726249
13644.53125,0.03810647,-0.29347986
13648.4375,0.02082076,-0.26312366
13652.34375,0.06208694,-0.19586273
13656.25,0.07381763,-0.10817640
13660.15625,0.08723429,-0.02762323
13664.0625,0.08640838,0.02818457
13667.96875,0.09593829,0.05761589
13671.875,0.10018284,0.06823149
13675.78125,0.10336572,0.06914625
13679.6875,0.08890212,0.06681953
13683.59375,0.10213999,0.06329729
13687.5,0.10432415,0.05778997
13691.40625,0.08465282,0.04935512
13695.3125,0.09657629,0.03497295
13699.21875,0.07865815,0.00612197
13703.125,0.08977018,-0.04589837
13707.03125,0.07613164,-0.11679219
13710.9375,0.04312907,-0.18516502
13714.84375,0.02868483,-0.22963229
13718.75,0.05268253,-0.25096402
13722.65625,0.05100964,-0.26979309
13726.5625,0.04055846,-0.30105987
13730.46875,0.00346847,-0.33893421
13734.375,0.03096878,-0.36890945
13738.28125,0.01440252,-0.38583592
13742.1875,0.02680292,-0.39548916
13746.09375,0.01435546,-0.40445673
13750.0,0.00585582,-0.41450283
13753.90625,0.00824164,-0.42580220
13757.8125,0.01801546,-0.43978694
13761.71875,0.01367558,-0.45465523
13765.625,-0.01003808,-0.46208221
13769.53125,0.00479973,-0.45551673
13773.4375,0.01412935,-0.44132450
13777.34375,0.00926151,-0.43718538
13781.25,0.00346675,-0.45984486
13785.15625,-0.00067908,-0.51574415
13789.0625,-0.02805611,-0.60061413
13792.96875,-0.04196857,-0.70357001
13796.875,-0.04640277,-0.80446887
13800.78125,-0.05917760,-0.85753983
13804.6875,-0.04288868,-0.77525687
13808.59375,0.00121447,-0.44020912
13812.5,0.11912958,0.24491331
13816.40625,0.29586154,1.29234171
13820.3125,0.52809733,2.58834386
13824.21875,0.75762475,3.90333056
13828.125,0.94890547,4.95359612
13832.03125,1.04232848,5.49171782
13835.9375,1.01877129,5.38855028
13839.84375,0.88730890,4.67129517
13843.75,0.68935734,3.50452495
13847.65625,0.45183903,2.13046312
13851.5625,0.21293038,0.79635566
13855.46875,0.01511905,-0.30981967
13859.375,-0.10415591,-1.09778082
13863.28125,-0.18112777,-1.57216620
13867.1875,-0.22387873,-1.79300642
13871.09375,-0.24104501,-1.82921314
13875.0,-0.20452942,-1.73345804
13878.90625,-0.20165703,-1.54344606
13882.8125,-0.14162306,-1.29712093
13886.71875,-0.10302471,-1.04293263
13890.625,-0.05023392,-0.83068007
13894.53125,-0.03335697,-0.68840033
13898.4375,-0.02823341,-0.60879672
13902.34375,-0.02615454,-0.56111723
13906.25,-0.01150633,-0.51804328
13910.15625,0.01192536,-0.47240654
13914.0625,0.00001185,-0.43249863
13917.96875,0.01183629,-0.40764368
13921.875,0.01165107,-0.39907369
13925.78125,0.00592075,-0.39965916
13929.6875,0.02209922,-0.39915913
13933.59375,0.00161057,-0.39103982
13937.5,0.01338854,-0.37713337
13941.40625,0.02353869,-0.36608863
13945.3125,0.01577158,-0.36475819
13949.21875,0.01868464,-0.37019846
13953.125,0.01074180,-0.37157726
13957.03125,0.00986459,-0.36060390
13960.9375,0.02688878,-0.33911878
13964.84375,0.03108937,-0.31460238
13968.75,0.02531676,-0.28864375
13972.65625,0.03266041,-0.25362423
13976.5625,0.04121906,-0.20264615
13980.46875,0.05394914,-0.14019246
13984.375,0.07303066,-0.08013317
13988.28125,0.06762279,-0.03360600
13992.1875,0.07129221,-0.00073449
13996.09375,0.10442455,0.02782236
14000.0,0.06860653,0.06490484
14003.90625,0.10426099,0.11939514
14007.8125,0.10534897,0.18891308
14011.71875,0.12373134,0.26039308
14015.625,0.15332761,0.32227710
14019.53125,0.12953709,0.37750179
14023.4375,0.14298566,0.44042185
14027.34375,0.16832012,0.51855487
14031.25,0.19506618,0.60248101
14035.15625,0.18801886,0.67658865
14039.0625,0.20386323,0.73482376
14042.96875,0.21501529,0.78388637
14046.875,0.21224634,0.83469492
14050.78125,0.23683722,0.89190739
14054.6875,0.23847347,0.95006067
14058.59375,0.25076529,0.99921626
14062.5,0.26171833,1.03435528
14066.40625,0.24637997,1.05926859
14070.3125,0.26898238,1.08205879
14074.21875,0.27024320,1.10883570
14078.125,0.27365804,1.14154863
14082.03125,0.27102107,1.17699206
14085.9375,0.28332260,1.20537293
14089.84375,0.29934618,1.21458244
14093.75,0.27117601,1.19952893
14097.65625,0.28496683,1.16513264
14101.5625,0.25957224,1.11945391
14105.46875,0.25782254,1.06668019
14109.375,0.25934586,1.00759399
14113.28125,0.23419769,0.94435769
14117.1875,0.22665505,0.88111520
14121.09375,0.20443228,0.81893092
14125.0,0.22628342,0.75444233
14128.90625,0.17642774,0.68588597
14132.8125,0.18579946,0.61600822
14136.71875,0.16845384,0.54726082
14140.625,0.16041306,0.47887471
14144.53125,0.13478710,0.40943092
14148.4375,0.13585876,0.33873653
14152.34375,0.12911364,0.26872894
14156.25,0.10348299,0.20514536
14160.15625,0.09154304,0.15432963
14164.0625,0.09910957,0.11527237
14167.96875,0.08739395,0.07823552
14171.875,0.07653416,0.03323683
14175.78125,0.07460908,-0.02194725
14179.6875,0.05640564,-0.08166324
14183.59375,0.04287091,-0.13861641
14187.5,0.03557946,-0.19054247
14191.40625,0.04451179,-0.23970340
14195.3125,0.01733464,-0.28485277
14199.21875,0.02294996,-0.31717482
14203.125,0.00261085,-0.32852921
14207.03125,0.01141179,-0.32396987
14210.9375,0.02842151,-0.32269013
14214.84375,0.01561702,-0.34287214
14218.75,0.00343165,-0.38524008
14222.65625,-0.00977427,-0.43280494
14226.5625,-0.01128195,-0.46561891
14230.46875,-0.01203475,-0.47488445
14234.375,0.00037817,-0.46517131
14238.28125,-0.01219550,-0.44623670
14242.1875,0.00475552,-0.42455646
14246.09375,-0.01773247,-0.40306064
14250.0,0.02046607,-0.38675418
14253.90625,-0.00279628,-0.38430548
14257.8125,0.00217832,-0.40207231
14261.71875,-0.00096369,-0.43683431
14265.625,-0.01417313,-0.47368056
14269.53125,-0.01559592,-0.49209601
14273.4375,-0.01798911,-0.47949976
14277.34375,-0.01367617,-0.44330284
14281.25,0.01814307,-0.40833861
14285.15625,-0.00661899,-0.39820099
14289.0625,-0.00105403,-0.41806027
14292.96875,-0.01908531,-0.45621249
14296.875,-0.01338455,-0.49865869
14300.78125,-0.01405293,-0.53728288
14304.6875,-0.03370039,-0.56570804
14308.59375,-0.04132886,-0.57540852
14312.5,-0.01701661,-0.56037009
14316.40625,-0.02003128,-0.52311194
14320.3125,-0.02763490,-0.47570616
14324.21875,0.00359781,-0.43584177
14328.125,0.00666833,-0.41704795
14332.03125,-0.02770417,-0.42047435
14335.9375,0.00393302,-0.43958431
14339.84375,-0.00691344,-0.46872723
14343.75,-0.02387114,-0.50094211
14347.65625,-0.02947272,-0.52365136
14351.5625,-0.01259351,-0.52426004
14355.46875,-0.02603649,-0.49869069
14359.375,-0.00855488,-0.45367324
14363.28125,0.00068426,-0.40344453
14367.1875,-0.00582188,-0.36401352
14371.09375,0.02219994,-0.34676433
14375.0,-0.00118052,-0.35332900
14378.90625,0.00147194,-0.37571347
14382.8125,-0.00257855,-0.40305993
14386.71875,-0.00704604,-0.42789575
14390.625,-0.00971454,-0.44539949
14394.53125,-0.00682989,-0.45038465
14398.4375,-0.02241069,-0.43994242
14402.34375,0.01110105,-0.41950247
14406.25,-0.02122718,-0.40250668
14410.15625,0.00869628,-0.40135178
14414.0625,-0.00760438,-0.41752431
14417.96875,0.00017063,-0.43923029
14421.875,-0.02535441,-0.45052078
14425.78125,-0.02414147,-0.44724309
14429.6875,0.00686083,-0.44309258
14433.59375,-0.00648441,-0.45453927
14437.5,-0.02207820,-0.48019171
14441.40625,-0.02446607,-0.49945548
14445.3125,-0.02069665,-0.49063623
14449.21875,-0.01798564,-0.44888675
14453.125,0.00299300,-0.39040366
14457.03125,0.01453777,-0.34118226
14460.9375,0.00412184,-0.31852272
14464.84375,0.01080089,-0.32010528
14468.75,0.01139850,-0.32807207
14472.65625,-0.00107278,-0.32228073
14476.5625,0.01699062,-0.29264206
14480.46875,0.02855550,-0.24179426
14484.375,0.04164988,-0.17661425
14488.28125,0.03373841,-0.10061822
14492.1875,0.05639898,-0.01874473
14496.09375,0.07957202,0.05429541
14500.0,0.09291328,0.09969387
14503.90625,0.08580550,0.11171123
14507.8125,0.06488919,0.10422004
14511.71875,0.07991209,0.09673105
14515.625,0.09519114,0.09714260
14519.53125,0.07616041,0.09975067
14523.4375,0.07732563,0.09468373
14527.34375,0.08656124,0.07599449
14531.25,0.05154508,0.04324497
14535.15625,0.08011816,-0.00214202
14539.0625,0.05369977,-0.05869250
14542.96875,0.04120337,-0.12042760
14546.875,0.03039280,-0.17516556
14550.78125,0.01642820,-0.21349712
14554.6875,0.03641158,-0.23852520
14558.59375,0.01948258,-0.26252949
14562.5,0.00222503,-0.29470432
14566.40625,0.01207121,-0.33461902
14570.3125,-0.00012154,-0.37446955
14574.21875,-0.01066096,-0.40484270
14578.125,-0.01782195,-0.42238128
14582.03125,0.00194676,-0.43429157
14585.9375,-0.02114901,-0.45213977
14589.84375,-0.01990291,-0.48029214
14593.75,-0.02906805,-0.51145726
14597.65625,-0.01726349,-0.53101790
14601.5625,-0.03650683,-0.52504104
14605.46875,-0.02638417,-0.49017739
14609.375,-0.01338548,-0.44129026
14613.28125,-0.01075551,-0.40836024
14617.1875,0.00693573,-0.42130008
14621.09375,-0.03245294,-0.49303335
14625.0,-0.05086572,-0.61282879
14628.90625,-0.07014441,-0.74892223
14632.8125,-0.06662669,-0.84713483
14636.71875,-0.07532339,-0.82336527
14640.625,-0.04722755,-0.56990337
14644.53125,0.06436301,0.00921941
14648.4375,0.21911088,0.94658619
14652.34375,0.43077391,2.16978455
14656.25,0.65661013,3.49090576
14660.15625,0.87941021,4.64212990
14664.0625,0.99098480,5.35607100
14667.96875,1.01581717,5.45811367
14671.875,0.91030949,4.92445612
14675.78125,0.74498075,3.88229322
14679.6875,0.48725227,2.55954957
14683.59375,0.27101493,1.20740163
14687.5,0.04557218,0.02629223
14691.40625,-0.06535807,-0.87337440
14695.3125,-0.19818255,-1.46504140
14699.21875,-0.24665517,-1.77530813
14703.125,-0.25831544,-1.85675871
14707.03125,-0.23889157,-1.77148628
14710.9375,-0.22396190,-1.58130634
14714.84375,-0.16729951,-1.34423721
14718.75,-0.12977789,-1.11196554
14722.65625,-0.08731890,-0.92019045
14726.5625,-0.08487234,-0.77824271
14730.46875,-0.05467928,-0.67293656
14734.375,-0.04240733,-0.58647335
14738.28125,-0.02318104,-0.51185089
14742.1875,-0.02013605,-0.45414832
14746.09375,-0.01247230,-0.42136899
14750.0,-0.01146070,-0.41468227
14753.90625,-0.00136805,-0.42414239
14757.8125,-0.02067743,-0.43263537
14761.71875,-0.02626472,-0.42831239
14765.625,-0.00635371,-0.41599515
14769.53125,-0.00333447,-0.41182441
14773.4375,-0.00374288,-0.42203587
14777.34375,-0.01366881,-0.42993021
14781.25,-0.03763955,-0.41041961
14785.15625,0.01210005,-0.35932246
14789.0625,0.00380781,-0.30360794
14792.96875,0.02921034,-0.27883834
14796.875,0.00191242,-0.29676762
14800.78125,0.00682913,-0.33392555
14804.6875,-0.01306628,-0.34913066
14808.59375,0.00811803,-0.31345630
14812.5,0.02329797,-0.22912504
14816.40625,0.03272916,-0.12573707
14820.3125,0.06251494,-0.03905420
14824.21875,0.07399274,0.01381360
14828.125,0.04902916,0.04516261
14832.03125,0.07538287,0.08253703
14835.9375,0.09102273,0.14336325
14839.84375,0.09381823,0.22337502
14843.75,0.10862203,0.30412793
14847.65625,0.13879371,0.36856058
14851.5625,0.12436137,0.41401145
14855.46875,0.13685538,0.45283091
14859.375,0.14218374,0.49918672
14863.28125,0.15881543,0.55667263
14867.1875,0.16929089,0.61928737
14871.09375,0.17591093,0.68043417
14875.0,0.18906488,0.73808706
14878.90625,0.19543310,0.79348385
14882.8125,0.20650798,0.84808892
14886.71875,0.20971911,0.90211451
14890.625,0.23444284,0.95563996
14894.53125,0.24051994,1.01136720
14898.4375,0.22417182,1.07285678
14902.34375,0.26442578,1.13628316
14906.25,0.27107009,1.18804348
14910.15625,0.26908869,1.21552873
14914.0625,0.26692799,1.21704972
14917.96875,0.26581028,1.19882417
14921.875,0.26311606,1.16695690
14925.78125,0.25023833,1.12494206
14929.6875,0.24986434,1.07599211
14933.59375,0.23700146,1.02595353
14937.5,0.23358963,0.98431391
14941.40625,0.21508691,0.95998359
14945.3125,0.22620079,0.95179361
14949.21875,0.21837609,0.94280738
14953.125,0.22820243,0.90862727
14957.03125,0.20012905,0.83602411
14960.9375,0.18928197,0.73511779
14964.84375,0.16320206,0.63334805
14968.75,0.15877509,0.55619574
14972.65625,0.13426346,0.50871950
14976.5625,0.13976444,0.47112679
14980.46875,0.16219418,0.41638610
14984.375,0.10848134,0.33791310
14988.28125,0.07336124,0.25444987
14992.1875,0.10790402,0.18415268
14996.09375,0.09221225,0.12525189
15000.0,0.05827734,0.06660426
15003.90625,0.06441905,0.00465724
15007.8125,0.04442194,-0.05489085
15011.71875,0.05264592,-0.10362952
15015.625,0.02416578,-0.13597010
15019.53125,0.03138459,-0.15361644
15023.4375,0.03851034,-0.16618714
15027.34375,0.02138398,-0.18517649
15031.25,0.02454608,-0.21688651
15035.15625,0.01660100,-0.25966933
15039.0625,0.00263002,-0.30413052
15042.96875,0.00205001,-0.33669868
15046.875,-0.00469563,-0.34832734
15050.78125,0.00207289,-0.34284213
15054.6875,-0.00276368,-0.33607799
15058.59375,0.00686511,-0.34440666
15062.5,-0.00651024,-0.37143785
15066.40625,-0.01037864,-0.40442836
15070.3125,-0.01753529,-0.42378390
15074.21875,-0.01438115,-0.41781086
15078.125,-0.01123421,-0.39172009
15082.03125,-0.00001165,-0.36512798
15085.9375,-0.00605881,-0.35939074
15089.84375,0.00631140,-0.38220763
15093.75,-0.02286876,-0.42089811
15097.65625,-0.02239168,-0.45209277
15101.5625,-0.02554171,-0.46072504
15105.46875,-0.00902069,-0.45010093
15109.375,-0.02343703,-0.43520159
15113.28125,-0.00423777,-0.42874488
15117.1875,-0.01250060,-0.43209234
15121.09375,-0.04361108,-0.43733311
15125.0,0.00697367,-0.43797728
15128.90625,-0.01868853,-0.43561432
15132.8125,-0.02454655,-0.43667132
15136.71875,-0.01005748,-0.44688684
15140.625,-0.02905496,-0.46742103
15144.53125,-0.01960119,-0.49199036
15148.4375,-0.02654209,-0.50870883
15152.34375,-0.03307962,-0.50791937
15156.25,-0.03508583,-0.49063224
15160.15625,-0.01153816,-0.46956646
15164.0625,-0.01904615,-0.45918822
15167.96875,-0.01883976,-0.46301556
15171.875,-0.02287219,-0.47113580
15175.78125,-0.03009153,-0.47013620
15179.6875,-0.01660877,-0.45594141
15183.59375,-0.02042889,-0.43826717
15187.5,-0.00188950,-0.43228659
15191.40625,-0.02564852,-0.44456106
15195.3125,-0.01563204,-0.46619010
15199.21875,-0.02934544,-0.47872931
15203.125,-0.01985548,-0.46740150
15207.03125,-0.02848937,-0.43267238
15210.9375,0.01348734,-0.39127156
15214.84375,-0.00367472,-0.36330363
15218.75,-0.01721063,-0.35797343
15222.65625,-0.00425478,-0.37294590
15226.5625,0.00199671,-0.40096906
15230.46875,-0.00734139,-0.43091491
15234.375,-0.04289769,-0.44950861
15238.28125,-0.00523488,-0.45096168
15242.1875,-0.01742909,-0.44259748
15246.09375,-0.02085459,-0.43819308
15250.0,-0.00752326,-0.44771186
15253.90625,-0.01600037,-0.46978399
15257.8125,-0.03742629,-0.48985627
15261.71875,-0.02879897,-0.49130195
15265.625,-0.02141403,-0.47373226
15269.53125,-0.00852678,-0.45651448
15273.4375,-0.01227200,-0.46024525
15277.34375,-0.04373993,-0.48743397
15281.25,-0.02034603,-0.52302271
15285.15625,-0.03345448,-0.54815304
15289.0625,-0.03767750,-0.54989290
15292.96875,-0.02820795,-0.52357346
15296.875,-0.02202668,-0.47225100
15300.78125,-0.01184513,-0.40490916
15304.6875,-0.00063407,-0.33373699
15308.59375,0.02681532,-0.26910642
15312.5,0.02214909,-0.21233055
15316.40625,0.03202192,-0.15428130
15320.3125,0.03378480,-0.08659689
15324.21875,0.05720013,-0.01566901
15328.125,0.08749714,0.03928154
15332.03125,0.07201698,0.06546968
15335.9375,0.06336851,0.07031661
15339.84375,0.06554634,0.07225515
15343.75,0.07798047,0.08162839
15347.65625,0.09435267,0.09570760
15351.5625,0.07632807,0.10889819
15355.46875,0.06589991,0.11859761
15359.375,0.08221576,0.11936678
15363.28125,0.09840661,0.10079732
15367.1875,0.06196102,0.05715565
15371.09375,0.06043093,-0.00542632
15375.0,0.04936479,-0.07361836
15378.90625,0.03305537,-0.13514376
15382.8125,0.03177467,-0.18352440
15386.71875,0.03651421,-0.21915241
15390.625,0.00460102,-0.24749935
15394.53125,0.01413152,-0.27707168
15398.4375,0.01086903,-0.31645992
15402.34375,0.00747297,-0.36650026
15406.25,-0.00606065,-0.41421649
15410.15625,-0.04075534,-0.44206813
15414.0625,-0.00206067,-0.44691887
15417.96875,-0.00633403,-0.44336474
15421.875,-0.01270026,-0.44477066
15425.78125,-0.02011589,-0.44876930
15429.6875,-0.02394322,-0.44681448
15433.59375,-0.00798528,-0.44104499
15437.5,-0.00334501,-0.44287109
15441.40625,-0.02208259,-0.45675027
15445.3125,-0.02241556,-0.47469682
15449.21875,-0.01888023,-0.49035686
15453.125,-0.03288271,-0.51377517
15457.03125,-0.03668498,-0.56765562
15460.9375,-0.04079398,-0.66448104
15464.84375,-0.06975035,-0.77862424
15468.75,-0.07989847,-0.83208531
15472.65625,-0.04481705,-0.70470595
15476.5625,-0.00032205,-0.27002075
15480.46875,0.14654207,0.54729235
15484.375,0.36456949,1.71324289
15488.28125,0.59695476,3.06265235
15492.1875,0.79471755,4.33222198
15496.09375,0.98643148,5.23530912
15500.0,1.04184902,5.55329323
15503.90625,0.96074343,5.21041870
15507.8125,0.81254226,4.29571295
15511.71875,0.58655298,3.02232671
15515.625,0.32614863,1.64847028
15519.53125,0.13703132,0.39590913
15523.4375,-0.03797578,-0.59993136
15527.34375,-0.15110591,-1.29183865
15531.25,-0.21982142,-1.69124055
15535.15625,-0.27196559,-1.84000897
15539.0625,-0.24642263,-1.79862130
15542.96875,-0.19989617,-1.63825297
15546.875,-0.19012856,-1.42421103
15550.78125,-0.13250627,-1.20082772
15554.6875,-0.12554857,-0.99168432
15558.59375,-0.06116417,-0.80983275
15562.5,-0.05748028,-0.66485822
15566.40625,-0.02533512,-0.56275785
15570.3125,-0.01018960,-0.50191700
15574.21875,-0.03394718,-0.47140551
15578.125,-0.01602804,-0.45747688
15582.03125,-0.00007294,-0.45258573
15585.9375,-0.00447668,-0.45477813
15589.84375,-0.03326751,-0.46155432
15593.75,-0.00533882,-0.47042441
15597.65625,-0.02318443,-0.48163810
15601.5625,-0.00510731,-0.49347061
15605.46875,-0.02338781,-0.49681461
15609.375,-0.02889592,-0.48046315
15613.28125,0.00267397,-0.44236675
15617.1875,-0.01012511,-0.39221516
15621.09375,0.01637998,-0.34277433
15625.0,0.01584377,-0.30131155
15628.90625,0.01369034,-0.26917735
15632.8125,0.02927139,-0.24682122
15636.71875,0.01898282,-0.23625803
15640.625,0.03574345,-0.23679239
15644.53125,0.03298296,-0.23926997
15648.4375,0.00873206,-0.22863580
15652.34375,0.04726074,-0.19505058
15656.25,0.03646934,-0.14036205
15660.15625,0.05701983,-0.07209549
15664.0625,0.08304456,0.00588442
15667.96875,0.06854483,0.09401155
15671.875,0.10129981,0.18804127
15675.78125,0.11289174,0.27249435
15679.6875,0.13726129,0.32960156
15683.59375,0.13401304,0.35758764
15687.5,0.12152553,0.37649053
15691.40625,0.14731526,0.41333142
15695.3125,0.14324641,0.48228496
15699.21875,0.17302059,0.57676071
15703.125,0.18196695,0.67519981
15707.03125,0.21280003,0.75494862
15710.9375,0.20606753,0.80686128
15714.84375,0.20819525,0.84007710
15718.75,0.21881939,0.87242639
15722.65625,0.23397711,0.91605568
15726.5625,0.23078661,0.97017848
15730.46875,0.25084439,1.02343690
15734.375,0.25745320,1.06362939
15738.28125,0.25940630,1.08914518
15742.1875,0.25521579,1.11052847
15746.09375,0.26756558,1.13786900
15750.0,0.27230227,1.16763282
15753.90625,0.28102118,1.18426168
15757.8125,0.26689839,1.17373323
15761.71875,0.27616757,1.13408148
15765.625,0.24134660,1.07482469
15769.53125,0.26611990,1.01029742
15773.4375,0.22267789,0.95426798
15777.34375,0.22640377,0.91544151
15781.25,0.23158176,0.89236653
15785.15625,0.21839049,0.87287611
15789.0625,0.22081536,0.84060150
15792.96875,0.20745009,0.78404313
15796.875,0.19523734,0.70376217
15800.78125,0.17508578,0.61324692
15804.6875,0.15601484,0.52975017
15808.59375,0.16083016,0.46127543
15812.5,0.14016640,0.40291309
15816.40625,0.13173501,0.34535995
15820.3125,0.12037514,0.28410929
15824.21875,0.10762341,0.21967594
15828.125,0.10185125,0.15235861
15832.03125,0.09122831,0.08143570
15835.9375,0.07299898,0.01026541
15839.84375,0.05317037,-0.05272489
15843.75,0.06384763,-0.10188380
15847.65625,0.04727504,-0.14076898
15851.5625,0.04152656,-0.17789079
15855.46875,0.04285965,-0.21642904
15859.375,0.02455428,-0.24897425
15863.28125,0.02651693,-0.26402065
15867.1875,0.02370299,-0.26006261
15871.09375,0.03116550,-0.25251117
15875.0,0.04332091,-0.26247197
15878.90625,0.01338312,-0.29623157
15882.8125,0.01524185,-0.33771273
15886.71875,0.00545767,-0.36273819
15890.625,0.02249104,-0.35938823
15894.53125,0.00884416,-0.33582413
15898.4375,0.01673073,-0.31383097
15902.34375,0.02172769,-0.31566665
15906.25,0.02872054,-0.34968635
15910.15625,0.00101057,-0.40229133
15914.0625,-0.01289695,-0.44556144
15917.96875,0.00058310,-0.45746887
15921.875,-0.02004197,-0.43782350
15925.78125,0.03904153,-0.40621355
15929.6875,0.00022341,-0.38436526
15933.59375,-0.00509685,-0.38123024
15937.5,0.01697029,-0.39457965
15941.40625,-0.00504680,-0.41983837
15945.3125,0.01425373,-0.45186380
15949.21875,-0.01654194,-0.48248005
15953.125,-0.02106372,-0.50291276
15957.03125,0.00393572,-0.50910681
15960.9375,-0.01822318,-0.50223470
15964.84375,-0.01532761,-0.48627901
15968.75,0.01168425,-0.46751785
15972.65625,-0.00806598,-0.45226499
15976.5625,-0.00176461,-0.44295236
15980.46875,-0.00599372,-0.43897685
15984.375,0.01242620,-0.43966708
15988.28125,-0.00055938,-0.44342926
15992.1875,-0.00319649,-0.44723162
15996.09375,-0.00680722,-0.45013598
16000.0,0.00424004,-0.45371598
16003.90625,0.00899692,-0.45584038
16007.8125,-0.01650475,-0.44941741
16011.71875,0.01120814,-0.43329537
16015.625,-0.00184244,-0.42064267
16019.53125,0.00413997,-0.42964423
16023.4375,0.00919890,-0.46441263
16027.34375,-0.00509609,-0.50536251
16031.25,-0.02255993,-0.52000690
16035.15625,-0.01871575,-0.48882696
16039.0625,0.01304612,-0.42449582
16042.96875,0.01670157,-0.36456299
16046.875,0.03801174,-0.34282613
16050.78125,-0.00122305,-0.36544672
16054.6875,0.01137829,-0.41103205
16058.59375,-0.00028423,-0.44965369
16062.5,-0.00901662,-0.46252903
16066.40625,0.01163740,-0.45020956
16070.3125,0.00625016,-0.42735037
16074.21875,0.00791627,-0.41030851
16078.125,0.00419493,-0.40786549
16082.03125,0.01117064,-0.41901618
16085.9375,0.00207297,-0.43465328
16089.84375,0.01439543,-0.44153908
16093.75,0.00004961,-0.42945591
16097.65625,-0.00394859,-0.40024245
16101.5625,0.02396101,-0.37155214
16105.46875,0.02589865,-0.36685529
16109.375,0.01590956,-0.39672551
16113.28125,-0.00574195,-0.44894707
16117.1875,0.00267639,-0.49535492
16121.09375,-0.02180285,-0.50878268
16125.0,-0.00814506,-0.48071882
16128.90625,0.04017894,-0.42677912
16132.8125,-0.00580213,-0.37197623
16136.71875,0.02656850,-0.33059672
16140.625,0.03711870,-0.30013523
16144.53125,0.02585267,-0.26839322
16148.4375,0.05187447,-0.22439125
16152.34375,0.04357670,-0.16659659
16156.25,0.07255054,-0.10262626
16160.15625,0.07336012,-0.04162795
16164.0625,0.08027184,0.01095886
16167.96875,0.08826005,0.05122455
16171.875,0.11086317,0.07461974
16175.78125,0.08650170,0.08057427
16179.6875,0.09814850,0.07669522
16183.59375,0.08748430,0.07357451
16187.5,0.10142674,0.07506079
16191.40625,0.10271394,0.07528287
16195.3125,0.09098376,0.06531620
16199.21875,0.08973157,0.04150160
16203.125,0.07449788,0.00648919
16207.03125,0.09185161,-0.03609607
16210.9375,0.07027920,-0.08524203
16214.84375,0.05054418,-0.14167847
16218.75,0.04686653,-0.20664889
16222.65625,0.03181149,-0.28044716
16226.5625,0.04338567,-0.35699537
16230.46875,0.00571535,-0.41858217
16234.375,0.00105229,-0.44252855
16238.28125,-0.00209537,-0.42118123
16242.1875,0.02572940,-0.37574884
16246.09375,0.04368440,-0.34356043
16250.0,0.02655833,-0.34725586
16253.90625,0.00493477,-0.37877709
16257.8125,0.01039130,-0.41426206
16261.71875,0.01518310,-0.43858644
16265.625,0.00558961,-0.45309502
16269.53125,0.00433911,-0.46635693
16273.4375,0.01736704,-0.48157507
16277.34375,-0.00262158,-0.49133712
16281.25,-0.03122478,-0.48834488
16285.15625,0.02405491,-0.48495340
16289.0625,0.00492642,-0.51375836
16292.96875,-0.03063487,-0.59941095
16296.875,-0.02060436,-0.72552586
16300.78125,-0.06520347,-0.81946987
16304.6875,-0.04058417,-0.76261890
16308.59375,0.01261898,-0.42709258
16312.5,0.13483827,0.27177122
16316.40625,0.29634741,1.32709563
16320.3125,0.53817475,2.61525965
16324.21875,0.77110720,3.91006207
16328.125,0.94099528,4.93944645
16332.03125,1.04066896,5.46541548
16335.9375,1.02249527,5.35806036
16339.84375,0.89327151,4.63811350
16343.75,0.67941058,3.46864367
16347.65625,0.44742629,2.09586072
16351.5625,0.21909939,0.76810539
16355.46875,0.03128967,-0.32973167
16359.375,-0.12627508,-1.10790491
16363.28125,-0.15710258,-1.56788659
16367.1875,-0.21944998,-1.76874244
16371.09375,-0.22045566,-1.78448057
16375.0,-0.19935283,-1.67849445
16378.90625,-0.18241636,-1.50022507
16382.8125,-0.12639342,-1.28976786
16386.71875,-0.09762637,-1.07890177
16390.625,-0.05876985,-0.88876593
16394.53125,-0.05310448,-0.73046643
16398.4375,-0.00461868,-0.60888249
16402.34375,0.00401154,-0.52349073
16406.25,-0.00951086,-0.46853629
16410.15625,0.02082534,-0.43900537
16414.0625,0.02360425,-0.43385160
16417.96875,0.01009543,-0.44774601
16421.875,-0.00086887,-0.46482223
16425.78125,0.01731476,-0.46762544
16429.6875,0.00291877,-0.45090747
16433.59375,0.02290619,-0.42420942
16437.5,0.02787221,-0.40128586
16441.40625,0.01128846,-0.38708851
16445.3125,0.03652865,-0.37514910
16449.21875,0.01237096,-0.35694265
16453.125,0.04594239,-0.33111516
16457.03125,0.04208669,-0.30163398
16460.9375,0.03393989,-0.26976097
16464.84375,0.05143698,-0.23365530
16468.75,0.05479748,-0.19565320
16472.65625,0.07510678,-0.16323856
16476.5625,0.06061579,-0.14086294
16480.46875,0.05806897,-0.12561555
16484.375,0.08661980,-0.11189772
16488.28125,0.07006367,-0.09564160
16492.1875,0.07409425,-0.07392794
16496.09375,0.08691679,-0.04443256
16500.0,0.09487992,-0.00390366
16503.90625,0.10265400,0.05420009
16507.8125,0.09525377,0.13505025
16511.71875,0.15301803,0.23270768
16515.625,0.14114918,0.33005637
16519.53125,0.16084494,0.41069558
16523.4375,0.17736144,0.46958745
16527.34375,0.18770519,0.51546061
16531.25,0.17886463,0.56494850
16535.15625,0.19505951,0.62973022
16539.0625,0.22959846,0.70785302
16542.96875,0.22430620,0.78969151
16546.875,0.23859891,0.86817163
16550.78125,0.25707728,0.93885630
16554.6875,0.26530328,0.99540806
16558.59375,0.26559085,1.03185594
16562.5,0.28741157,1.05007362
16566.40625,0.27233988,1.06279266
16570.3125,0.26983139,1.08477092
16574.21875,0.28440425,1.11747968
16578.125,0.30398136,1.14632392
16582.03125,0.29473636,1.15751660
16585.9375,0.28700835,1.15385997
16589.84375,0.29003382,1.14902139
16593.75,0.28597337,1.14891851
16597.65625,0.30073828,1.14337885
16601.5625,0.27921656,1.11635077
16605.46875,0.29377815,1.06261683
16609.375,0.24941975,0.99349451
16613.28125,0.25097880,0.92567331
16617.1875,0.25228244,0.86673498
16621.09375,0.23829070,0.81381541
16625.0,0.20411183,0.76058137
16628.90625,0.23273307,0.69978034
16632.8125,0.20560275,0.62608993
16636.71875,0.18378945,0.54373437
16640.625,0.16361737,0.46586466
16644.53125,0.16712664,0.40152168
16648.4375,0.16049777,0.34735978
16652.34375,0.14632739,0.29449156
16656.25,0.13286188,0.23900302
16660.15625,0.11597916,0.18270163
16664.0625,0.12578994,0.12723576
16667.96875,0.10874967,0.07291798
16671.875,0.09795861,0.02255039
16675.78125,0.08511437,-0.01961861
16679.6875,0.08238468,-0.05535509
16683.59375,0.07926618,-0.09529115
16687.5,0.07792842,-0.14981818
16691.40625,0.05465803,-0.21612157
16695.3125,0.04659459,-0.27625468
16699.21875,0.03597295,-0.31027043
16703.125,0.03039430,-0.31320900
16707.03125,0.05200059,-0.30017591
16710.9375,0.05978967,-0.29271400
16714.84375,0.03437086,-0.29936081
16718.75,0.02578172,-0.31320411
16722.65625,0.04121505,-0.32731307
16726.5625,0.05375049,-0.34390748
16730.46875,0.01750366,-0.36729556
16734.375,0.02913391,-0.39692539
16738.28125,0.01554489,-0.42943308
16742.1875,0.02493093,-0.46003819
16746.09375,0.00956920,-0.48026100
16750.0,0.00839002,-0.48118722
16753.90625,0.00915978,-0.46327671
16757.8125,0.02853864,-0.43988758
16761.71875,0.01990231,-0.42705557
16765.625,0.01998804,-0.43006369
16769.53125,0.02029644,-0.44074625
16773.4375,0.01698797,-0.44557795
16777.34375,0.02028531,-0.43569967
16781.25,0.01675683,-0.41263357
16785.15625,0.03491643,-0.38695958
16789.0625,0.03530293,-0.37063545
16792.96875,0.02534540,-0.36964020
16796.875,0.03349821,-0.38305542
16800.78125,0.02342277,-0.40585417
16804.6875,0.01607360,-0.43117875
16808.59375,0.01937223,-0.45311666
16812.5,0.02291695,-0.46854964
16816.40625,0.01050331,-0.47520411
16820.3125,0.00147258,-0.47061181
16824.21875,0.02541689,-0.45560795
16828.125,0.02909732,-0.43621922
16832.03125,0.00384382,-0.42093673
16835.9375,0.04166993,-0.41751096
16839.84375,0.01178843,-0.42900157
16843.75,0.02135900,-0.44960043
16847.65625,0.01451253,-0.46718723
16851.5625,0.00888285,-0.47250217
16855.46875,0.02362525,-0.46520495
16859.375,0.01007207,-0.45147005
16863.28125,0.02570511,-0.43735388
16867.1875,0.02251258,-0.42484882
16871.09375,0.01710770,-0.41368365
16875.0,0.03259793,-0.40574315
16878.90625,0.02750837,-0.40515366
16882.8125,0.01942253,-0.41330701
16886.71875,0.02019427,-0.42706254
16890.625,0.02060032,-0.44285730
16894.53125,0.02633153,-0.45873520
16898.4375,0.00886399,-0.47104838
16902.34375,0.00451523,-0.47381976
16906.25,0.02273818,-0.46470284
16910.15625,0.01745616,-0.44913775
16914.0625,0.02740064,-0.43584681
16917.96875,0.01781351,-0.42872036
16921.875,0.01817186,-0.42434871
16925.78125,0.02408071,-0.41768619
16929.6875,0.02793438,-0.40907389
16933.59375,0.02776938,-0.40427592
16937.5,0.02678259,-0.40735665
16941.40625,0.02645776,-0.41495320
16945.3125,0.00484621,-0.42009354
16949.21875,0.03990944,-0.42117438
16953.125,0.02567309,-0.42184317
16957.03125,0.02441971,-0.42089042
16960.9375,0.01164374,-0.40958038
16964.84375,0.03223259,-0.38288203
16968.75,0.03944175,-0.34804901
16972.65625,0.04596730,-0.31711406
16976.5625,0.05388261,-0.29189211
16980.46875,0.03615478,-0.26031342
16984.375,0.04619406,-0.21010485
16988.28125,0.10323557,-0.14322639
16992.1875,0.06481069,-0.07385378
16996.09375,0.09383011,-0.01724933
17000.0,0.10454205,0.01734451
17003.90625,0.10564403,0.03150086
17007.8125,0.09038623,0.03800324
17011.71875,0.10976246,0.04993426
17015.625,0.11869048,0.06859206
17019.53125,0.08753432,0.08347382
17023.4375,0.12322155,0.08060237
17027.34375,0.11264423,0.05273669
17031.25,0.09710132,0.00769652
17035.15625,0.08310575,-0.03544955
17039.0625,0.07389500,-0.06412490
17042.96875,0.09255356,-0.08517408
17046.875,0.07923682,-0.11703337
17050.78125,0.06682909,-0.17026587
17054.6875,0.05969775,-0.23764957
17058.59375,0.02768648,-0.30192277
17062.5,0.04119186,-0.35107112
17066.40625,0.03239468,-0.38524002
17070.3125,0.02999214,-0.41012672
17074.21875,0.01635819,-0.42781824
17078.125,0.02382051,-0.43615904
17082.03125,0.01254759,-0.43411514
17085.9375,0.03098393,-0.42500636
17089.84375,0.01903500,-0.41502878
17093.75,0.03365346,-0.40936100
17097.65625,0.02250236,-0.40888983
17101.5625,0.01651933,-0.41057381
17105.46875,0.02934331,-0.41190428
17109.375,0.03069411,-0.41476977
17113.28125,0.01627783,-0.42554697
17117.1875,0.01825802,-0.45411098
17121.09375,0.00118051,-0.51228428
17125.0,-0.00587644,-0.60746109
17128.90625,-0.02863786,-0.72929686
17132.8125,-0.03641484,-0.83290172
17136.71875,-0.04807498,-0.82946450
17140.625,-0.01818857,-0.60026747
17144.53125,0.09659922,-0.03897670
17148.4375,0.24261181,0.89383548
17152.34375,0.45590246,2.12718034
17156.25,0.67755574,3.46678376
17160.15625,0.91783309,4.63165426
17164.0625,1.02746916,5.34270763
17167.96875,1.04363382,5.42624092
17171.875,0.93864411,4.87465715
17175.78125,0.75990504,3.83539224
17179.6875,0.52226526,2.54304838
17183.59375,0.29522464,1.23291957
17187.5,0.11527846,0.07741673
17191.40625,-0.02587270,-0.82950568
17195.3125,-0.17591091,-1.45265245
17199.21875,-0.21464676,-1.79586804
17203.125,-0.22462161,-1.89497900
17207.03125,-0.22234619,-1.81058443
17210.9375,-0.18601777,-1.61589921
17214.84375,-0.14176665,-1.38335252
17218.75,-0.09879746,-1.16735566
17222.65625,-0.07388902,-0.98760420
17226.5625,-0.05105794,-0.83110231
17230.46875,-0.04081336,-0.67991596
17234.375,0.00797113,-0.54132181
17238.28125,0.02528829,-0.44729096
17242.1875,0.03234121,-0.42125309
17246.09375,0.01513534,-0.44805816
17250.0,0.00302019,-0.48055324
17253.90625,0.00091655,-0.47674361
17257.8125,0.03414209,-0.43088263
17261.71875,0.02267617,-0.37116152
17265.625,0.05330108,-0.33118480
17269.53125,0.03538359,-0.32362121
17273.4375,0.02386791,-0.33700001
17277.34375,0.04304168,-0.35257721
17281.25,0.02850047,-0.35998973
17285.15625,0.03460291,-0.35848951
17289.0625,0.02898012,-0.35070691
17292.96875,0.04670265,-0.33809066
17296.875,0.03379519,-0.31876692
17300.78125,0.04428514,-0.28844726
17304.6875,0.04600620,-0.24554490
17308.59375,0.06524568,-0.19581272
17312.5,0.07297216,-0.15030119
17316.40625,0.06803861,-0.11796644
17320.3125,0.08237466,-0.10002251
17324.21875,0.06898787,-0.09010778
17328.125,0.08643029,-0.07811744
17332.03125,0.09184183,-0.05308190
17335.9375,0.08305067,-0.00471982
17339.84375,0.10565041,0.07239760
17343.75,0.12817207,0.17395210
17347.65625,0.14251857,0.28700575
17351.5625,0.15901050,0.39626485
17355.46875,0.18771403,0.48962501
17359.375,0.18023063,0.56123203
17363.28125,0.20537749,0.61206514
17367.1875,0.20220913,0.64835709
17371.09375,0.21069315,0.67973030
17375.0,0.22581983,0.71764177
17378.90625,0.21869954,0.77228397
17382.8125,0.23780662,0.84653932
17386.71875,0.25039649,0.93083459
17390.625,0.27608189,1.00677168
17394.53125,0.27761641,1.06011200
17398.4375,0.28386992,1.09186924
17402.34375,0.27781224,1.11622787
17406.25,0.29134506,1.14598465
17410.15625,0.28124866,1.17830884
17414.0625,0.33092502,1.19676912
17417.96875,0.29497960,1.19065404
17421.875,0.27201009,1.16784096
17425.78125,0.30021325,1.14286041
17429.6875,0.28025505,1.11850083
17433.59375,0.29404438,1.08735108
17437.5,0.27407312,1.04784453
17441.40625,0.25367460,1.01042473
17445.3125,0.26722315,0.98475653
17449.21875,0.24494493,0.96353906
17453.125,0.27089021,0.92406178
17457.03125,0.24529761,0.84917736
17460.9375,0.20081142,0.74557948
17464.84375,0.21769673,0.63909829
17468.75,0.17004283,0.55331594
17472.65625,0.18258289,0.49238703
17476.5625,0.16843806,0.44062638
17480.46875,0.16625537,0.37881914
17484.375,0.13921586,0.30356768
17488.28125,0.12676165,0.22973450
17492.1875,0.11440569,0.17292979
17496.09375,0.12203074,0.13255468
17500.0,0.10765386,0.09460629
17503.90625,0.10032422,0.04856631
17507.8125,0.08944732,-0.00277319
17511.71875,0.07417179,-0.04979074
17515.625,0.08769652,-0.08792613
17519.53125,0.05369360,-0.12134707
17523.4375,0.07410013,-0.15711738
17527.34375,0.06424646,-0.19688967
17531.25,0.03298079,-0.23451275
17535.15625,0.04779104,-0.26362777
17539.0625,0.04452753,-0.28579047
17542.96875,0.04176472,-0.30744970
17546.875,0.01722077,-0.33227879
17550.78125,0.03812579,-0.35974470
17554.6875,0.03101468,-0.38601124
17558.59375,0.00444233,-0.40422288
17562.5,0.01615573,-0.41036332
17566.40625,0.02966120,-0.40973708
17570.3125,0.01298750,-0.41210660
17574.21875,0.02228986,-0.42104009
17578.125,0.01100958,-0.43185401
17582.03125,0.00408474,-0.43936279
17585.9375,0.01343878,-0.44553632
17589.84375,0.01944871,-0.45753598
17593.75,0.00901716,-0.47655138
17597.65625,-0.00178289,-0.49092197
17601.5625,-0.00810302,-0.48476034
17605.46875,0.02045572,-0.45405647
17609.375,0.01631972,-0.41218936
17613.28125,0.02863839,-0.38002491
17617.1875,0.01246874,-0.37236282
17621.09375,0.02797554,-0.39191043
17625.0,0.00429102,-0.43108124
17628.90625,0.02226896,-0.47583994
17632.8125,-0.00821819,-0.50920248
17636.71875,-0.01720097,-0.51830512
17640.625,0.01458410,-0.50395137
17644.53125,0.00099772,-0.48116335
17648.4375,0.00919536,-0.46716911
17652.34375,0.00782738,-0.46925148
17656.25,-0.00398941,-0.48287970
17660.15625,0.00656173,-0.49809098
17664.0625,-0.00646027,-0.50624025
17667.96875,0.00706501,-0.50233573
17671.875,-0.00242515,-0.48498395
17675.78125,0.00988402,-0.45750007
17679.6875,0.00528420,-0.42839721
17683.59375,0.02748237,-0.40716758
17687.5,0.00702216,-0.39782479
17691.40625,0.03014689,-0.39776111
17695.3125,0.00199474,-0.40286735
17699.21875,0.01931837,-0.41140163
17703.125,0.01782737,-0.42195019
17707.03125,0.00564397,-0.43062490
17710.9375,0.01660359,-0.43431529
17714.84375,0.00122158,-0.43637687
17718.75,0.00623612,-0.44529736
17722.65625,0.01742786,-0.46478066
17726.5625,0.00831704,-0.48470399
17730.46875,-0.01772205,-0.48647314
17734.375,-0.00297576,-0.46314415
17738.28125,0.02617287,-0.43139511
17742.1875,0.01434357,-0.41703516
17746.09375,0.00978500,-0.43013719
17750.0,0.00276659,-0.45745873
17753.90625,0.00352264,-0.47538453
17757.8125,-0.00654732,-0.46814409
17761.71875,0.01640747,-0.43826088
17765.625,0.01075411,-0.40324599
17769.53125,0.02462173,-0.38167521
17773.4375,0.02120923,-0.38055080
17777.34375,0.00689575,-0.39409366
17781.25,0.00978965,-0.41286454
17785.15625,0.00838495,-0.43215916
17789.0625,0.01707410,-0.45025870
17792.96875,0.00844227,-0.46044821
17796.875,-0.01227715,-0.45032683
17800.78125,0.01175740,-0.41315979
17804.6875,0.02163702,-0.35797268
17808.59375,0.04675686,-0.30386484
17812.5,0.03125084,-0.26342499
17816.40625,0.03602936,-0.23304790
17820.3125,0.04739008,-0.19824350
17824.21875,0.05907985,-0.14570875
17828.125,0.08283944,-0.07160808
17832.03125,0.06107865,0.01558539
17835.9375,0.11433129,0.09651107
17839.84375,0.10311723,0.14932276
17843.75,0.11622661,0.16276179
17847.65625,0.10349122,0.14326058
17851.5625,0.10906683,0.11060010
17855.46875,0.07906926,0.08532576
17859.375,0.10039894,0.07431100
17863.28125,0.09228928,0.06562991
17867.1875,0.09683923,0.04012481
17871.09375,0.07520524,-0.01081887
17875.0,0.06820389,-0.07855172
17878.90625,0.06073843,-0.14444664
17882.8125,0.03171118,-0.19271946
17886.71875,0.04441234,-0.22078982
17890.625,0.05999149,-0.23917936
17894.53125,0.02306529,-0.25930983
17898.4375,0.03494782,-0.28308487
17902.34375,0.01338862,-0.30639911
17906.25,0.03350287,-0.32861620
17910.15625,0.03067181,-0.35344669
17914.0625,0.00547437,-0.38178849
17917.96875,-0.00078026,-0.40972751
17921.875,0.00967182,-0.43517286
17925.78125,0.00497799,-0.46113110
17929.6875,-0.00303954,-0.48908323
17933.59375,-0.00626561,-0.51123857
17937.5,-0.01771257,-0.51286495
17941.40625,-0.00615864,-0.48655996
17945.3125,-0.00424392,-0.44743150
17949.21875,0.01708874,-0.43129060
17953.125,0.00246815,-0.47087783
17957.03125,-0.02921903,-0.56977093
17960.9375,-0.03998869,-0.69671130
17964.84375,-0.06552607,-0.79714948
17968.75,-0.05004088,-0.80104750
17972.65625,-0.01253340,-0.62087065
17976.5625,0.03764510,-0.16006753
17980.46875,0.17938884,0.64688432
17984.375,0.38388765,1.77552021
17988.28125,0.59174448,3.07566977
17992.1875,0.83649331,4.29264545
17996.09375,0.98287570,5.14615107
18000.0,1.01430368,5.43132877
18003.90625,0.96150583,5.08778715
18007.8125,0.80608225,4.20580673
18011.71875,0.59039748,2.98132253
18015.625,0.35641328,1.64951956
18019.53125,0.14472948,0.42168242
18023.4375,-0.01890557,-0.55863196
18027.34375,-0.13322367,-1.23189437
18031.25,-0.20219776,-1.61204445
18035.15625,-0.22889853,-1.75807750
18039.0625,-0.21825205,-1.74145496
18042.96875,-0.20430996,-1.62231600
18046.875,-0.16859004,-1.44175982
18050.78125,-0.14761317,-1.22827804
18054.6875,-0.09697410,-1.00827646
18058.59375,-0.06181663,-0.80931515
18062.5,-0.02783911,-0.65281081
18066.40625,-0.02012670,-0.54532063
18070.3125,-0.02080265,-0.48037034
18074.21875,0.00342169,-0.44902763
18078.125,0.00460399,-0.44437933
18082.03125,0.00282494,-0.45509079
18085.9375,-0.01769888,-0.46278715
18089.84375,-0.00122837,-0.45363447
18093.75,-0.00163497,-0.43178067
18097.65625,-0.00052302,-0.41657379
18101.5625,0.02384152,-0.42263746
18105.46875,-0.00703163,-0.44135970
18109.375,-0.02266768,-0.44605935
18113.28125,0.01473432,-0.41855857
18117.1875,0.00593961,-0.36698955
18121.09375,0.01797580,-0.31724155
18125.0,0.03650243,-0.29149523
18128.90625,0.02963462,-0.29232535
18132.8125,-0.00024374,-0.30260134
18136.71875,0.02316402,-0.30169043
18140.625,0.03397141,-0.28106952
18144.53125,0.03839499,-0.24291426
18148.4375,0.03469262,-0.19063443
18152.34375,0.03699515,-0.12830417
18156.25,0.07917667,-0.06505398
18160.15625,0.06678814,-0.01154174
18164.0625,0.07251125,0.02840775
18167.96875,0.10205452,0.06131609
18171.875,0.07710898,0.10163945
18175.78125,0.08759581,0.16269822
18179.6875,0.13008618,0.24437073
18183.59375,0.13122669,0.33246061
18187.5,0.14072354,0.41289499
18191.40625,0.16384026,0.48361039
18195.3125,0.15364712,0.55240041
18199.21875,0.18319900,0.62565142
18203.125,0.19645844,0.70008415
18207.03125,0.20354329,0.76608932
18210.9375,0.22270477,0.81939071
18214.84375,0.21994869,0.86785811
18218.75,0.20552969,0.92266542
18222.65625,0.26017866,0.98122507
18226.5625,0.25418690,1.02548563
18230.46875,0.25051025,1.04177928
18234.375,0.24528611,1.03788126
18238.28125,0.25027969,1.03784275
18242.1875,0.25424790,1.06215441
18246.09375,0.25692353,1.11103010
18250.0,0.28110102,1.16340280
18253.90625,0.27564210,1.19331539
18257.8125,0.27542758,1.18969393
18261.71875,0.27336544,1.16106689
18265.625,0.25895989,1.12328184
18269.53125,0.26080132,1.08495927
18273.4375,0.24605206,1.04369044
18277.34375,0.24290417,0.99303490
18281.25,0.24052079,0.93171805
18285.15625,0.21356606,0.86640722
18289.0625,0.20213155,0.80508572
18292.96875,0.20388994,0.74797624
18296.875,0.18349431,0.68696225
18300.78125,0.18313900,0.61391550
18304.6875,0.15943359,0.52844328
18308.59375,0.14652535,0.43854254
18312.5,0.11893100,0.35443830
18316.40625,0.12173561,0.28092572
18320.3125,0.10694111,0.21603030
18324.21875,0.10641523,0.15779915
18328.125,0.07911179,0.10998880
18332.03125,0.07553171,0.07701702
18335.9375,0.07262944,0.05336539
18339.84375,0.08808368,0.02335124
18343.75,0.06010420,-0.02500428
18347.65625,0.05282344,-0.08801019
18351.5625,0.03788456,-0.14951493
18355.46875,0.03433814,-0.19397217
18359.375,0.02441171,-0.21801677
18363.28125,0.02553384,-0.23425588
18367.1875,0.04010668,-0.26241022
18371.09375,0.00644941,-0.31043309
18375.0,-0.00154665,-0.36397696
18378.90625,-0.00894010,-0.39819521
18382.8125,0.01241703,-0.39895958
18386.71875,-0.00184161,-0.37180278
18390.625,-0.00194268,-0.33633932
18394.53125,0.01670791,-0.31514451
18398.4375,0.02574651,-0.32017547
18402.34375,0.00119826,-0.34357509
18406.25,-0.01098228,-0.36592844
18410.15625,0.00968855,-0.37664425
18414.0625,-0.00652940,-0.38258174
18417.96875,0.00630336,-0.39654350
18421.875,-0.00363085,-0.42126882
18425.78125,-0.01438908,-0.44524628
18429.6875,-0.02189486,-0.45342091
18433.59375,-0.00825048,-0.44268608
18437.5,-0.01210307,-0.42658886
18441.40625,0.00658281,-0.42372158
18445.3125,-0.01726425,-0.44102791
18449.21875,-0.01350031,-0.46827072
18453.125,-0.02873817,-0.48814029
18457.03125,-0.02190391,-0.49099189
18460.9375,-0.00804646,-0.48027229
18464.84375,-0.01924694,-0.46578279
18468.75,-0.00610151,-0.45382968
18472.65625,-0.02416393,-0.44433716
18476.5625,-0.01561927,-0.43663937
18480.46875,-0.00620071,-0.43547893
18484.375,0.00285622,-0.44626504
18488.28125,-0.01931499,-0.46334976
18492.1875,-0.04327270,-0.47022346
18496.09375,0.00268615,-0.45567355
18500.0,-0.00478617,-0.42511591
18503.90625,-0.01747051,-0.39545465
18507.8125,0.00908733,-0.38392076
18511.71875,-0.01044777,-0.39855474
18515.625,-0.00933212,-0.43202263
18519.53125,-0.01847971,-0.46495748
18523.4375,-0.01847452,-0.47867697
18527.34375,-0.02091841,-0.46668553
18531.25,-0.01452406,-0.43703404
18535.15625,0.00052632,-0.40548778
18539.0625,-0.00412418,-0.38543010
18542.96875,-0.01171775,-0.38357264
18546.875,-0.00236239,-0.40300360
18550.78125,-0.01005276,-0.44334027
18554.6875,-0.02348640,-0.49336737
18558.59375,-0.02394568,-0.52864230
18562.5,-0.04821015,-0.52599508
18566.40625,-0.01122999,-0.48453191
18570.3125,-0.00487608,-0.42848259
18574.21875,-0.01050690,-0.38659570
18578.125,-0.00163679,-0.37190932
18582.03125,-0.00221029,-0.38048470
18585.9375,-0.00138120,-0.40141222
18589.84375,-0.02612061,-0.42521363
18593.75,-0.01429101,-0.44766295
18597.65625,-0.00415569,-0.46769699
18601.5625,-0.02908067,-0.48114508
18605.46875,-0.02468733,-0.48012200
18609.375,-0.01610585,-0.46090931
18613.28125,-0.01658363,-0.42950967
18617.1875,-0.00649260,-0.39820120
18621.09375,0.00404962,-0.37703153
18625.0,-0.00108670,-0.36665344
18628.90625,-0.01461094,-0.35895205
18632.8125,0.01035397,-0.34554544
18636.71875,0.00041257,-0.32369769
18640.625,0.01636599,-0.29351526
18644.53125,0.01531532,-0.25319144
18648.4375,0.03358966,-0.19951269
18652.34375,0.01781410,-0.13382486
18656.25,0.05128880,-0.06768598
18660.15625,0.07812768,-0.01765593
18664.0625,0.06045810,0.01092494
18667.96875,0.05469703,0.03095204
18671.875,0.06236512,0.05904952
18675.78125,0.09064646,0.09804837
18679.6875,0.08279746,0.13699831
18683.59375,0.08930716,0.16213207
18687.5,0.08370525,0.16331223
18691.40625,0.07997268,0.13615307
18695.3125,0.10170842,0.08616906
18699.21875,0.03155050,0.02833549
18703.125,0.06167330,-0.02622017
18707.03125,0.05870242,-0.08109533
18710.9375,0.03810555,-0.14398716
18714.84375,0.00872892,-0.21016715
18718.75,0.02076873,-0.26587766
18722.65625,0.00410328,-0.30427772
18726.5625,0.00258113,-0.33115670
18730.46875,0.00888431,-0.35615289
18734.375,-0.01518739,-0.38186285
18738.28125,-0.01878689,-0.40315208
18742.1875,0.00564208,-0.41532466
18746.09375,-0.02130879,-0.41942167
18750.0,-0.01943200,-0.42132014
18753.90625,-0.00535420,-0.42890236
18757.8125,-0.02642264,-0.44719672
18761.71875,-0.01213635,-0.47307384
18765.625,-0.02740260,-0.49503142
18769.53125,-0.02856763,-0.49935320
18773.4375,-0.03182472,-0.48076063
18777.34375,-0.02746919,-0.45261338
18781.25,0.00386293,-0.44500124
18785.15625,-0.02271136,-0.48531935
18789.0625,-0.05557163,-0.57783771
18792.96875,-0.06547450,-0.70161372
18796.875,-0.07713274,-0.81866413
18800.78125,-0.07703741,-0.87226522
18804.6875,-0.08662007,-0.77913886
18808.59375,-0.00270955,-0.43763101
18812.5,0.08693475,0.23692214
18816.40625,0.26003265,1.25836885
18820.3125,0.49866143,2.52451491
18824.21875,0.72275597,3.81626511
18828.125,0.89212912,4.85440779
18832.03125,1.00783515,5.39006567
18835.9375,0.98208410,5.29016972
18839.84375,0.85515577,4.58269072
18843.75,0.64163321,3.43868256
18847.65625,0.41275379,2.10081124
18851.5625,0.20686266,0.80161685
18855.46875,-0.00513534,-0.28960490
18859.375,-0.12363342,-1.08519828
18863.28125,-0.21340138,-1.57383168
18867.1875,-0.24795091,-1.79823041
18871.09375,-0.25313860,-1.82401133
18875.0,-0.25080448,-1.71503091
18878.90625,-0.19597220,-1.52470827
18882.8125,-0.16271758,-1.29692090
18886.71875,-0.13294382,-1.06630504
18890.625,-0.08378823,-0.85737813
18894.53125,-0.07724769,-0.68557221
18898.4375,-0.01080092,-0.55850244
18902.34375,-0.04262551,-0.47576758
18906.25,-0.01003867,-0.43064493
18910.15625,-0.01884520,-0.41481465
18914.0625,-0.01191572,-0.42047259
18917.96875,-0.01010623,-0.43769264
18921.875,-0.02550110,-0.45346713
18925.78125,-0.02931806,-0.45696986
18929.6875,-0.00498737,-0.44493061
18933.59375,-0.01765088,-0.41970992
18937.5,-0.02027181,-0.38567859
18941.40625,0.00747286,-0.35065296
18945.3125,0.01208794,-0.32490399
18949.21875,-0.01536748,-0.31427747
18953.125,0.00975860,-0.31740922
18957.03125,0.00643899,-0.32808003
18960.9375,-0.00166065,-0.33495679
18964.84375,0.01255198,-0.32266021
18968.75,-0.01916317,-0.28209791
18972.65625,0.03399142,-0.22205019
18976.5625,0.03722109,-0.16462731
18980.46875,0.04007581,-0.12565786
18984.375,0.02484636,-0.10373060
18988.28125,0.04926120,-0.08848855
18992.1875,0.04901860,-0.07080370
18996.09375,0.04642274,-0.04322053
19000.0,0.05571956,-0.00013375
19003.90625,0.07291062,0.05834727
19007.8125,0.08569618,0.12819344
19011.71875,0.08244834,0.20826848
19015.625,0.11404900,0.30006930
19019.53125,0.12571749,0.39999133
19023.4375,0.15081291,0.49643400
19027.34375,0.14945666,0.57640821
19031.25,0.17074512,0.63462651
19035.15625,0.18568890,0.67791289
19039.0625,0.16377597,0.72118562
19042.96875,0.20681275,0.77608520
19046.875,0.19285266,0.84231609
19050.78125,0.22405708,0.91049039
19054.6875,0.22593828,0.97102785
19058.59375,0.22206651,1.01810062
19062.5,0.25406533,1.04810309
19066.40625,0.23677005,1.06108558
19070.3125,0.24437298,1.06630290
19074.21875,0.24769445,1.08170009
19078.125,0.23421364,1.12121618
19082.03125,0.27477014,1.17929566
19085.9375,0.27399370,1.23015606
19089.84375,0.26964518,1.24585903
19093.75,0.27086514,1.21564424
19097.65625,0.25329411,1.14930272
19101.5625,0.24444553,1.06627584
19105.46875,0.23414661,0.98374873
19109.375,0.20188922,0.91236526
19113.28125,0.21607780,0.85734195
19117.1875,0.19560653,0.81955576
19121.09375,0.20490980,0.79522860
19125.0,0.18641199,0.77478725
19128.90625,0.17077415,0.74210697
19132.8125,0.19191849,0.67950493
19136.71875,0.17211655,0.58239013
19140.625,0.12606871,0.47072202
19144.53125,0.12192109,0.37769452
19148.4375,0.10597207,0.32203618
19152.34375,0.11254731,0.29289198
19156.25,0.11372504,0.26156899
19160.15625,0.08859069,0.20661491
19164.0625,0.09315123,0.12988810
19167.96875,0.05486642,0.05222809
19171.875,0.05009926,-0.00685602
19175.78125,0.04519798,-0.04831880
19179.6875,0.06135566,-0.09117906
19183.59375,0.04450368,-0.14769663
19187.5,0.00845129,-0.20496361
19191.40625,-0.00053899,-0.23900606
19195.3125,0.01789605,-0.24536620
19199.21875,0.04172762,-0.24553812
19203.125,0.01298156,-0.26170075
19207.03125,-0.01309252,-0.29545093
19210.9375,0.00834899,-0.33445811
19214.84375,-0.00918092,-0.36933517
19218.75,-0.00257716,-0.39799827
19222.65625,-0.00957570,-0.41944301
19226.5625,-0.01777519,-0.42943573
19230.46875,-0.03254554,-0.42475155
19234.375,-0.00101096,-0.41116264
19238.28125,-0.00268886,-0.40188760
19242.1875,-0.00856283,-0.40473077
19246.09375,-0.02475954,-0.41486812
19250.0,-0.01532298,-0.42307472
19253.90625,-0.01188516,-0.42661986
19257.8125,-0.00703516,-0.42876014
19261.71875,-0.01995376,-0.43158439
19265.625,-0.02231152,-0.43447888
19269.53125,-0.01169248,-0.43764541
19273.4375,-0.01187884,-0.44157681
19277.34375,-0.02990940,-0.44354436
19281.25,-0.00053436,-0.43920112
19285.15625,-0.03027474,-0.42821276
19289.0625,-0.00369991,-0.41668558
19292.96875,-0.01897866,-0.41373852
19296.875,-0.00165999,-0.42489836
19300.78125,-0.03223578,-0.44850874
19304.6875,-0.01379721,-0.47821814
19308.59375,-0.02632071,-0.50584149
19312.5,-0.03895943,-0.52089715
19316.40625,-0.01749643,-0.51316178
19320.3125,-0.04383848,-0.48209202
19324.21875,-0.00311821,-0.44363919
19328.125,-0.00725781,-0.42138979
19332.03125,-0.01673323,-0.42651007
19335.9375,-0.02537182,-0.44951719
19339.84375,-0.02243124,-0.47333592
19343.75,-0.01173634,-0.48829436
19347.65625,-0.03040445,-0.49272224
19351.5625,-0.03889472,-0.48823282
19355.46875,-0.00913875,-0.47959316
19359.375,-0.01004143,-0.47209167
19363.28125,-0.03893749,-0.46546766
19367.1875,-0.01708101,-0.45595911
19371.09375,-0.00745470,-0.44315356
19375.0,-0.01064788,-0.42876479
19378.90625,-0.02573845,-0.41322610
19382.8125,-0.00380453,-0.39992961
19386.71875,0.00495962,-0.39678848
19390.625,-0.01926226,-0.40716332
19394.53125,-0.01304597,-0.42399064
19398.4375,-0.01412553,-0.43703291
19402.34375,-0.01668138,-0.44246605
19406.25,-0.00910078,-0.44355518
19410.15625,-0.02033597,-0.44513142
19414.0625,-0.02390367,-0.44961223
19417.96875,-0.00051555,-0.45604011
19421.875,-0.02995323,-0.45971203
19425.78125,-0.01235272,-0.45436892
19429.6875,-0.01879899,-0.43827659
19433.59375,-0.01475206,-0.41796243
19437.5,0.00624796,-0.40422538
19441.40625,-0.01912503,-0.40406376
19445.3125,-0.00387265,-0.41637683
19449.21875,-0.01476749,-0.43405080
19453.125,-0.02421203,-0.44887567
19457.03125,-0.00489684,-0.45530394
19460.9375,-0.01846715,-0.45082450
19464.84375,-0.01813769,-0.43438041
19468.75,-0.00340526,-0.40595070
19472.65625,-0.00028683,-0.36616665
19476.5625,0.00417331,-0.31502393
19480.46875,0.02593403,-0.25273576
19484.375,0.01968974,-0.18276425
19488.28125,0.05593565,-0.11294509
19492.1875,0.04040942,-0.05272815
19496.09375,0.07289933,-0.00805977
19500.0,0.06862655,0.02322587
19503.90625,0.06523509,0.05086224
19507.8125,0.07472877,0.08330451
19511.71875,0.08711555,0.11772393
19515.625,0.08727922,0.14075835
19519.53125,0.08934024,0.14009078
19523.4375,0.09296581,0.11536494
19527.34375,0.06129270,0.07810692
19531.25,0.07647619,0.04026679
19535.15625,0.06240525,0.00308043
19539.0625,0.05723785,-0.04194357
19542.96875,0.05127811,-0.10195889
19546.875,0.03817391,-0.17268869
19550.78125,0.01766055,-0.23885515
19554.6875,0.00293359,-0.28738403
19558.59375,0.01336263,-0.32126263
19562.5,0.02031724,-0.35565501
19566.40625,-0.01597487,-0.39828807
19570.3125,-0.00761031,-0.43842608
19574.21875,-0.01737734,-0.45762300
19578.125,-0.02216692,-0.44927818
19582.03125,-0.00141654,-0.42679951
19585.9375,0.00449535,-0.41158974
19589.84375,-0.01344939,-0.41219047
19593.75,-0.00519279,-0.41753030
19597.65625,-0.00777899,-0.41143277
19601.5625,-0.01332748,-0.39204261
19605.46875,0.00845853,-0.37681261
19609.375,0.01175430,-0.38751709
19613.28125,-0.01104478,-0.42993009
19617.1875,-0.03389764,-0.49225631
19621.09375,-0.03304085,-0.56425512
19625.0,-0.03981672,-0.64932609
19628.90625,-0.06266986,-0.74898005
19632.8125,-0.06624597,-0.83162075
19636.71875,-0.07105177,-0.81355441
19640.625,-0.03787319,-0.57333940
19644.53125,0.05271106,-0.00194859
19648.4375,0.23547834,0.93476909
19652.34375,0.43159768,2.15702605
19656.25,0.66323209,3.47392988
19660.15625,0.87145334,4.62480974
19664.0625,0.99409902,5.34911346
19667.96875,1.03354681,5.46800327
19671.875,0.91306579,4.94681168
19675.78125,0.75882238,3.90744233
19679.6875,0.50259244,2.58273721
19683.59375,0.26599288,1.23266149
19687.5,0.07087229,0.06037705
19691.40625,-0.06303075,-0.83106577
19695.3125,-0.17188448,-1.42627776
19699.21875,-0.23477311,-1.75571513
19703.125,-0.26025787,-1.86444938
19707.03125,-0.25467655,-1.80505788
19710.9375,-0.19967073,-1.63724768
19714.84375,-0.16119140,-1.41643989
19718.75,-0.16522962,-1.18018806
19722.65625,-0.08061230,-0.95086199
19726.5625,-0.06463007,-0.74819583
19730.46875,-0.03332536,-0.59262985
19734.375,-0.01339216,-0.49777526
19738.28125,-0.00441425,-0.46157882
19742.1875,-0.01852130,-0.46457496
19746.09375,-0.01855296,-0.48052734
19750.0,-0.01037891,-0.49207839
19753.90625,-0.01389024,-0.49542707
19757.8125,-0.01578105,-0.49193928
19761.71875,-0.01173915,-0.47995678
19765.625,-0.00661157,-0.45566273
19769.53125,-0.01645947,-0.42035136
19773.4375,0.01494342,-0.38544628
19777.34375,0.00586353,-0.36660355
19781.25,0.01754619,-0.36889938
19785.15625,-0.00779038,-0.37853143
19789.0625,0.00890639,-0.37182370
19792.96875,0.01611033,-0.33366403
19796.875,0.00899949,-0.26946229
19800.78125,0.05803214,-0.20138186
19804.6875,0.03784731,-0.15068492
19808.59375,0.05363971,-0.12110542
19812.5,0.04733377,-0.09948736
19816.40625,0.06360669,-0.07028639
19820.3125,0.06711617,-0.02704759
19824.21875,0.07101896,0.02589813
19828.125,0.08750204,0.07726231
19832.03125,0.10247914,0.11605743
19835.9375,0.08549153,0.14017893
19839.84375,0.10286149,0.15918601
19843.75,0.10890172,0.18911953
19847.65625,0.11260711,0.24476348
19851.5625,0.12688738,0.33181018
19855.46875,0.14599940,0.44025731
19859.375,0.17026022,0.54588968
19863.28125,0.18294297,0.62431723
19867.1875,0.20196664,0.66998708
19871.09375,0.18290412,0.70339441
19875.0,0.19993560,0.75552374
19878.90625,0.21806188,0.84021312
19882.8125,0.22945017,0.94041240
19886.71875,0.27282473,1.02255070
19890.625,0.25078630,1.06568193
19894.53125,0.25695106,1.07713974
19898.4375,0.26171020,1.08156407
19902.34375,0.25693250,1.09834433
19906.25,0.27718213,1.12885213
19910.15625,0.26682591,1.15970719
19914.0625,0.29757604,1.17589641
19917.96875,0.25716385,1.17269421
19921.875,0.28615087,1.15671539
19925.78125,0.26302147,1.13752329
19929.6875,0.27987561,1.12002361
19933.59375,0.25252217,1.10230958
19937.5,0.26643896,1.07678080
19941.40625,0.25936291,1.03477299
19945.3125,0.24302921,0.97399729
19949.21875,0.22483815,0.90157902
19953.125,0.22783050,0.82915330
19957.03125,0.20076276,0.76576817
19960.9375,0.20230068,0.71298790
19964.84375,0.18296207,0.66296095
19968.75,0.19182713,0.60316283
19972.65625,0.16719384,0.52810991
19976.5625,0.15293615,0.44694543
19980.46875,0.13582978,0.37613133
19984.375,0.12920904,0.32326800
19988.28125,0.12982886,0.27941293
19992.1875,0.12141111,0.22783414
19996.09375,0.09916797,0.15918572
20000.0,0.09442028,0.07862958
20003.90625,0.07719738,0.00126063
20007.8125,0.05703516,-0.05877193
20011.71875,0.07032312,-0.09781025
20015.625,0.05398673,-0.12366893
20019.53125,0.04644411,-0.14823182
20023.4375,0.05649619,-0.17919303
20027.34375,0.03570813,-0.21530248
20031.25,0.04346188,-0.24664363
20035.15625,0.01239346,-0.26269329
20039.0625,0.04391962,-0.26368538
20042.96875,0.03830429,-0.26240033
20046.875,0.02377949,-0.27318946
20050.78125,0.03363910,-0.30113283
20054.6875,0.00810726,-0.34127373
20058.59375,0.02438228,-0.38419002
20062.5,-0.00016533,-0.42100877
20066.40625,-0.00023189,-0.44612971
20070.3125,0.00251785,-0.45791158
20074.21875,0.00501692,-0.45709419
20078.125,-0.00963147,-0.44591895
20082.03125,0.01392996,-0.43040884
20085.9375,0.00478606,-0.42065942
20089.84375,0.00067079,-0.42508417
20093.75,0.01538575,-0.44340736
20097.65625,-0.00496319,-0.46484950
20101.5625,-0.01033761,-0.47512352
20105.46875,-0.00122978,-0.46878695
20109.375,0.01154871,-0.45353469
20113.28125,0.00028117,-0.44035408
20117.1875,0.00147833,-0.43242362
20121.09375,0.02134449,-0.42514047
20125.0,-0.01558291,-0.41473886
20128.90625,0.02556632,-0.40588138
20132.8125,0.00996943,-0.40914038
20136.71875,0.00753423,-0.42937744
20140.625,-0.00258386,-0.45948762
20144.53125,0.00091626,-0.48692274
20148.4375,-0.01205130,-0.50281441
20152.34375,0.00194218,-0.50425041
20156.25,-0.01237956,-0.49255416
20160.15625,0.00217963,-0.47271276
20164.0625,0.01638427,-0.45187655
20167.96875,-0.00866544,-0.43515676
20171.875,0.01105521,-0.42484066
20175.78125,0.00778340,-0.42486787
20179.6875,0.00963938,-0.44163749
20183.59375,0.00305165,-0.47676024
20187.5,-0.00780398,-0.51958191
20191.40625,-0.01758897,-0.54954028
20195.3125,-0.01465261,-0.54981524
20199.21875,-0.01366012,-0.52141577
20203.125,0.01770713,-0.48252472
20207.03125,0.00178604,-0.45179853
20210.9375,-0.00291006,-0.43437031
20214.84375,0.01296364,-0.42587033
20218.75,0.00638164,-0.42476708
20222.65625,0.01845646,-0.43456998
20226.5625,0.00782848,-0.45468745
20230.46875,-0.01327294,-0.47458977
20234.375,0.00633081,-0.48111698
20238.28125,-0.00221942,-0.47091374
20242.1875,0.01638598,-0.45311496
20246.09375,0.00688497,-0.43994987
20250.0,-0.00134939,-0.43660522
20253.90625,0.01464479,-0.44001919
20257.8125,0.00500093,-0.44424650
20261.71875,0.01486574,-0.44460368
20265.625,0.00860009,-0.43876997
20269.53125,-0.00724111,-0.42890006
20273.4375,0.01507315,-0.42365515
20277.34375,0.03921010,-0.43069151
20281.25,-0.00813445,-0.44263548
20285.15625,0.00278538,-0.43927327
20289.0625,0.00894584,-0.41096216
20292.96875,0.01869075,-0.37389097
20296.875,0.04821220,-0.35492802
20300.78125,0.01743092,-0.36229464
20304.6875,0.01510472,-0.37588093
20308.59375,0.01338353,-0.36795792
20312.5,0.02320045,-0.32989323
20316.40625,0.05675984,-0.27566248
20320.3125,0.05178707,-0.22195843
20324.21875,0.04665966,-0.17091735
20328.125,0.06553821,-0.11409117
20332.03125,0.07281910,-0.04792503
20335.9375,0.09367327,0.01911237
20339.84375,0.10933296,0.07334079
20343.75,0.10769084,0.10772981
20347.65625,0.09229813,0.12577038
20351.5625,0.10869963,0.13364507
20355.46875,0.13473044,0.13248532
20359.375,0.08101870,0.11878128
20363.28125,0.11040259,0.08693197
20367.1875,0.11139219,0.03389424
20371.09375,0.06645788,-0.03217513
20375.0,0.06113184,-0.09407069
20378.90625,0.07684521,-0.14217053
20382.8125,0.05985425,-0.18204667
20386.71875,0.04007017,-0.22371517
20390.625,0.04823653,-0.27041149
20394.53125,0.02924120,-0.31792372
20398.4375,0.02399686,-0.36005130
20402.34375,0.02581570,-0.39423329
20406.25,0.01619864,-0.42242748
20410.15625,0.00753861,-0.44666016
20414.0625,0.00404144,-0.46554410
20417.96875,0.01493622,-0.47533646
20421.875,0.00868378,-0.47232565
20425.78125,0.00954231,-0.45470574
20429.6875,0.00510808,-0.42560056
20433.59375,0.02223143,-0.39557025
20437.5,0.03449430,-0.37889105
20441.40625,0.02845129,-0.38359007
20445.3125,0.01236218,-0.40610057
20449.21875,0.00046573,-0.43988577
20453.125,0.00734845,-0.48947877
20457.03125,0.00323925,-0.56961632
20460.9375,-0.02386009,-0.68346637
20464.84375,-0.05672438,-0.79848814
20468.75,-0.05715128,-0.83999145
20472.65625,-0.01394575,-0.70254260
20476.5625,0.04618079,-0.27375621
20480.46875,0.15638271,0.52261633
20484.375,0.37970230,1.66730070
20488.28125,0.59513265,3.00642133
20492.1875,0.84551179,4.27378750
20496.09375,0.99152279,5.17535686
20500.0,1.05138063,5.49376631
20503.90625,0.98882824,5.16097641
20507.8125,0.83141220,4.27006865
20511.71875,0.59791595,3.02887678
20515.625,0.37673977,1.68159044
20519.53125,0.17796418,0.43647161
20523.4375,-0.01300856,-0.57150972
20527.34375,-0.12851353,-1.28243053
20531.25,-0.20367171,-1.69490981
20535.15625,-0.22092286,-1.84676337
20539.0625,-0.23125590,-1.80056524
20542.96875,-0.17727056,-1.63173604
20546.875,-0.15121648,-1.41098273
20550.78125,-0.11519848,-1.18581164
20554.6875,-0.08522487,-0.97772777
20558.59375,-0.02952450,-0.79594773
20562.5,-0.03928563,-0.64981604
20566.40625,0.00966231,-0.54907501
20570.3125,0.01262164,-0.49562785
20574.21875,0.00306649,-0.47720745
20578.125,0.00968951,-0.47315320
20582.03125,0.00507550,-0.46887907
20585.9375,0.02780608,-0.46218541
20589.84375,0.01231409,-0.45481652
20593.75,0.01413394,-0.44360670
20597.65625,0.00196522,-0.42507485
20601.5625,0.04846559,-0.40445074
20605.46875,0.02294504,-0.39181235
20609.375,0.01278818,-0.38992870
20613.28125,0.03520115,-0.39077172
20617.1875,0.03192401,-0.38198593
20621.09375,0.01771834,-0.35610169
20625.0,0.04894471,-0.31867361
20628.90625,0.03670415,-0.28687656
20632.8125,0.05684262,-0.27457237
20636.71875,0.04689085,-0.27791667
20640.625,0.04125957,-0.27748960
20644.53125,0.04308315,-0.25437590
20648.4375,0.06956210,-0.20336418
20652.34375,0.06137438,-0.13318825
20656.25,0.08823999,-0.05885257
20660.15625,0.10905251,0.00776984
20664.0625,0.09380886,0.06565066
20667.96875,0.10897001,0.12267036
20671.875,0.13900921,0.18446106
20675.78125,0.13108306,0.24856809
20679.6875,0.15172184,0.30915451
20683.59375,0.15318425,0.36273947
20687.5,0.17653099,0.40994611
20691.40625,0.16249445,0.45480141
20695.3125,0.17743622,0.50189793
20699.21875,0.20717612,0.55456537
20703.125,0.19994761,0.61715639
20707.03125,0.20280708,0.69442445
20710.9375,0.22906722,0.78376472
20714.84375,0.25975314,0.87299937
20718.75,0.26056823,0.95087153
20722.65625,0.26214677,1.01503098
20726.5625,0.28031784,1.06682742
20730.46875,0.28813210,1.10501337
20734.375,0.29440159,1.12879944
20738.28125,0.29097146,1.14231992
20742.1875,0.29582214,1.15257967
20746.09375,0.29969817,1.16519237
20750.0,0.29017162,1.18156791
20753.90625,0.30632758,1.19561255
20757.8125,0.30871585,1.19378817
20761.71875,0.29517296,1.16436660
20765.625,0.28836098,1.10874498
20769.53125,0.27439445,1.04174578
20773.4375,0.26297659,0.98038566
20777.34375,0.26225275,0.93278080
20781.25,0.24443400,0.89578754
20785.15625,0.24877219,0.85966593
20789.0625,0.24545810,0.81456608
20792.96875,0.21087646,0.75541639
20796.875,0.22491769,0.68319899
20800.78125,0.20077088,0.60388589
20804.6875,0.18684322,0.52663124
20808.59375,0.17609954,0.45949605
20812.5,0.15726842,0.40362966
20816.40625,0.15885539,0.35168999
20820.3125,0.16650467,0.29449204
20824.21875,0.12669894,0.23054910
20828.125,0.11031470,0.16604066
20832.03125,0.12516819,0.10484431
20835.9375,0.11141136,0.04436285
20839.84375,0.08723696,-0.01797703
20843.75,0.08412874,-0.07965006
20847.65625,0.07060539,-0.13451259
20851.5625,0.06549333,-0.17557169
20855.46875,0.07805044,-0.19729237
20859.375,0.04535636,-0.20032293
20863.28125,0.05115515,-0.19825098
20867.1875,0.07764792,-0.21561512
20871.09375,0.06394125,-0.26784530
20875.0,0.02611246,-0.34042576
20878.90625,0.02422914,-0.39660689
20882.8125,0.01122157,-0.41068718
20886.71875,0.04109124,-0.39120725
20890.625,0.04863316,-0.36927176
20894.53125,0.02514651,-0.36628443
20898.4375,0.02837309,-0.37747404
20902.34375,0.02315389,-0.38618740
20906.25,0.03578924,-0.38637397
20910.15625,0.04012741,-0.38566461
20914.0625,0.01870321,-0.39113221
20917.96875,0.02520403,-0.40042594
20921.875,0.04487329,-0.40677321
20925.78125,0.00562044,-0.40693852
20929.6875,0.03294236,-0.40427619
20933.59375,0.03281191,-0.40607968
20937.5,0.02263216,-0.41657674
20941.40625,0.02639493,-0.43257001
20945.3125,0.01264024,-0.44660097
20949.21875,0.01811435,-0.45273596
20953.125,0.02777528,-0.44898838
20957.03125,0.01722747,-0.43657294
20960.9375,0.02170059,-0.41919610
20964.84375,0.03289768,-0.40227556
20968.75,0.02825116,-0.39001325
20972.65625,0.03293825,-0.38327190
20976.5625,0.02459651,-0.38213208
20980.46875,0.03148985,-0.38908759
20984.375,0.03584610,-0.40638795
20988.28125,0.01982551,-0.43041280
20992.1875,0.00793746,-0.45206755
20996.09375,0.03141163,-0.46278480
21000.0,0.01103925,-0.45785826
21003.90625,0.02156908,-0.43752080
21007.8125,0.02416474,-0.40945294
21011.71875,0.04140294,-0.38638538
21015.625,0.01861518,-0.37674463
21019.53125,0.03803201,-0.37977546
21023.4375,0.03364005,-0.38941488
21027.34375,0.03071977,-0.39835352
21031.25,0.01702235,-0.40095010
21035.15625,0.01994242,-0.40019315
21039.0625,0.04142144,-0.41060394
21042.96875,0.03117712,-0.44413862
21046.875,0.00507694,-0.49047673
21050.78125,-0.00276742,-0.52001035
21054.6875,0.00178266,-0.51245296
21058.59375,0.02437621,-0.47884831
21062.5,0.02561520,-0.45067692
21066.40625,0.02274159,-0.44877484
21070.3125,0.00836933,-0.46632910
21074.21875,0.01311699,-0.48061731
21078.125,0.01213388,-0.47644612
21082.03125,0.01578550,-0.45732349
21085.9375,0.04014670,-0.43736294
21089.84375,0.01308458,-0.42595842
21093.75,0.01723762,-0.42299148
21097.65625,0.01953810,-0.42713454
21101.5625,0.03817766,-0.44056445
21105.46875,0.01704743,-0.46103957
21109.375,0.00881909,-0.47614855
21113.28125,-0.00443782,-0.47331339
21117.1875,0.04675060,-0.45345038
21121.09375,0.00869522,-0.42963177
21125.0,0.03284975,-0.41390747
21128.90625,0.02969177,-0.40718248
21132.8125,0.01355287,-0.39887029
21136.71875,0.04136917,-0.37576446
21140.625,0.03973626,-0.33274290
21144.53125,0.05238481,-0.27530175
21148.4375,0.04422922,-0.21484670
21152.34375,0.07793266,-0.16258028
21156.25,0.09804286,-0.12131695
21160.15625,0.05548222,-0.08085246
21164.0625,0.09274607,-0.02893706
21167.96875,0.10959607,0.03129778
21171.875,0.10783277,0.08100116
21175.78125,0.12140872,0.10261554
21179.6875,0.10982821,0.09424897
21183.59375,0.11300185,0.06981319
21187.5,0.09270573,0.04701386
21191.40625,0.10731329,0.03363139
21195.3125,0.10397565,0.02496970
21199.21875,0.10259585,0.01342455
21203.125,0.09218504,-0.00396240
21207.03125,0.08827566,-0.02915256
21210.9375,0.08265852,-0.06924296
21214.84375,0.07800457,-0.13283451
21218.75,0.06526552,-0.21848898
21222.65625,0.04332709,-0.30846894
21226.5625,0.02371728,-0.37705669
21230.46875,0.01354916,-0.40834296
21234.375,0.04606147,-0.40713471
21238.28125,0.01838527,-0.39265376
21242.1875,0.03973139,-0.38279095
21246.09375,0.02675995,-0.38340679
21250.0,0.02010841,-0.38902482
21253.90625,0.03635829,-0.39212239
21257.8125,0.02575075,-0.39198527
21261.71875,0.02784092,-0.39517409
21265.625,0.02772661,-0.40867597
21269.53125,0.01926555,-0.43243170
21273.4375,0.02690563,-0.45755163
21277.34375,-0.00552473,-0.47374877
21281.25,0.02341594,-0.48142430
21285.15625,0.01217447,-0.49586925
21289.0625,-0.00583105,-0.53790128
21292.96875,-0.00845062,-0.61824042
21296.875,-0.02285538,-0.72134483
21300.78125,-0.03512266,-0.79082304
21304.6875,-0.03187289,-0.72709292
21308.59375,0.02612367,-0.40939739
21312.5,0.13920702,0.25879237
21316.40625,0.30025902,1.29368067
21320.3125,0.54270071,2.58717561
21324.21875,0.76896620,3.90695548
21328.125,0.96770263,4.95766258
21332.03125,1.03254616,5.48040867
21335.9375,1.05319464,5.34355497
21339.84375,0.88023305,4.58675385
21343.75,0.67929363,3.39994359
21347.65625,0.42651704,2.04509425
21351.5625,0.23862219,0.76210254
21355.46875,0.03709874,-0.29230440
21359.375,-0.08310985,-1.05583167
21363.28125,-0.17034076,-1.53729618
21367.1875,-0.20536242,-1.78107560
21371.09375,-0.23151994,-1.83818924
21375.0,-0.20466100,-1.75487173
21378.90625,-0.17901042,-1.57427108
21382.8125,-0.13182355,-1.33952534
21386.71875,-0.11063586,-1.09380484
21390.625,-0.04412261,-0.87693971
21394.53125,-0.02736057,-0.71567035
21398.4375,-0.00703386,-0.61257923
21402.34375,-0.01377934,-0.54840374
21406.25,0.01328391,-0.49987310
21410.15625,0.01042107,-0.45602164
21414.0625,0.02628418,-0.41997764
21417.96875,0.02290690,-0.39991221
21421.875,0.03615994,-0.39812201
21425.78125,0.01584959,-0.40557453
21429.6875,0.01019386,-0.40756828
21433.59375,0.04536317,-0.39558217
21437.5,0.02269401,-0.37213963
21441.40625,0.02517787,-0.34708807
21445.3125,0.04281987,-0.33222646
21449.21875,0.04496010,-0.33340120
21453.125,0.02873911,-0.34332246
21457.03125,0.01607274,-0.34762374
21460.9375,0.05527689,-0.33910424
21464.84375,0.03535540,-0.31945741
21468.75,0.03503324,-0.28931570
21472.65625,0.05263036,-0.24542722
21476.5625,0.06815401,-0.18623838
21480.46875,0.07016646,-0.11514404
21484.375,0.07083196,-0.04209670
21488.28125,0.10832002,0.01601641
21492.1875,0.10520155,0.04520619
21496.09375,0.10011020,0.05045852
21500.0,0.10346632,0.05767749
21503.90625,0.09390656,0.09471169
21507.8125,0.13352190,0.16931783
21511.71875,0.12539488,0.26382890
21515.625,0.16201507,0.34968373
21519.53125,0.18687335,0.41081962
21523.4375,0.13747263,0.45652232
21527.34375,0.18583038,0.50910681
21531.25,0.19901913,0.57945430
21535.15625,0.19488913,0.65805000
21539.0625,0.23299941,0.72646385
21542.96875,0.21853480,0.77393442
21546.875,0.22994822,0.80569011
21550.78125,0.23484568,0.83804375
21554.6875,0.25210562,0.88567531
21558.59375,0.23535344,0.95128542
21562.5,0.28947726,1.02435839
21566.40625,0.27379107,1.09045100
21570.3125,0.28481033,1.14214039
21574.21875,0.29881656,1.17949831
21578.125,0.29361081,1.20254982
21582.03125,0.29844031,1.20757926
21585.9375,0.30976385,1.19123149
21589.84375,0.27094054,1.15645242
21593.75,0.30186802,1.11313736
21597.65625,0.26621321,1.07289982
21601.5625,0.26206300,1.04158294
21605.46875,0.27229080,1.01477051
21609.375,0.27325979,0.98311090
21613.28125,0.23279284,0.94260806
21617.1875,0.25260636,0.89508373
21621.09375,0.23403776,0.84081692
21625.0,0.22746119,0.77828127
21628.90625,0.20957288,0.71017283
21632.8125,0.19726081,0.64371443
21636.71875,0.19796962,0.58431554
21640.625,0.17324948,0.53059030
21644.53125,0.16621868,0.47445655
21648.4375,0.17124274,0.40659311
21652.34375,0.14371923,0.32604170
21656.25,0.13235207,0.24526502
21660.15625,0.11263531,0.18128903
21664.0625,0.10268226,0.13877176
21667.96875,0.11994330,0.10337891
21671.875,0.10003285,0.05530271
21675.78125,0.08933520,-0.01024249
21679.6875,0.06614148,-0.07867230
21683.59375,0.05784583,-0.13286282
21687.5,0.05904121,-0.17138851
21691.40625,0.06989416,-0.20711176
21695.3125,0.02982152,-0.24992183
21699.21875,0.03962206,-0.29634163
21703.125,0.02853468,-0.33521789
21707.03125,0.02662178,-0.35772070
21710.9375,0.01866239,-0.36270386
21714.84375,0.02626015,-0.35801116
21718.75,0.03179150,-0.35633099
21722.65625,0.02399211,-0.36583838
21726.5625,0.01041982,-0.38504803
21730.46875,0.01616235,-0.40775064
21734.375,0.02598407,-0.42896137
21738.28125,-0.00048416,-0.44417468
21742.1875,0.00450493,-0.44934615
21746.09375,0.00792553,-0.44600338
21750.0,0.02600440,-0.44175732
21753.90625,-0.01207111,-0.44304174
21757.8125,0.02586678,-0.45050076
21761.71875,-0.01212352,-0.46094888
21765.625,0.02320966,-0.46961761
21769.53125,-0.00693263,-0.47111586
21773.4375,-0.00273571,-0.46326211
21777.34375,0.01619894,-0.45106778
21781.25,0.01531174,-0.44197774
21785.15625,0.00526640,-0.43624771
21789.0625,-0.00464092,-0.42821267
21792.96875,0.02602008,-0.41742697
21796.875,0.01413889,-0.41098747
21800.78125,0.01200675,-0.41370532
21804.6875,0.00807148,-0.42242408
21808.59375,0.00741671,-0.43167135
21812.5,0.00693565,-0.44050083
21816.40625,0.02059870,-0.45143795
21820.3125,-0.01926692,-0.46556035
21824.21875,0.00850715,-0.48110548
21828.125,0.01729244,-0.49261001
21832.03125,-0.02316235,-0.48909593
21835.9375,0.00715467,-0.46200806
21839.84375,-0.00292805,-0.42050895
21843.75,0.04037934,-0.39072445
21847.65625,0.01360920,-0.39300472
21851.5625,-0.00537443,-0.42411500
21855.46875,0.00362291,-0.46431366
21859.375,0.00890556,-0.49403861
21863.28125,-0.01065026,-0.50038397
21867.1875,-0.00725190,-0.47908911
21871.09375,0.00660863,-0.43971696
21875.0,0.02623297,-0.40384832
21878.90625,-0.00872902,-0.39155924
21882.8125,0.04049506,-0.40783268
21886.71875,-0.00849191,-0.43892813
21890.625,-0.00379664,-0.46203250
21894.53125,-0.00115173,-0.46418369
21898.4375,0.00880466,-0.45317885
21902.34375,0.00404548,-0.44781646
21906.25,0.01040833,-0.45861959
21910.15625,-0.01179678,-0.47946498
21914.0625,-0.01111543,-0.49660793
21917.96875,0.00135066,-0.50251758
21921.875,-0.00012657,-0.49871823
21925.78125,-0.01624477,-0.48935029
21929.6875,0.00485396,-0.47788852
21933.59375,-0.00548050,-0.46770731
21937.5,0.01016279,-0.45929885
21941.40625,0.00188147,-0.44703048
21945.3125,-0.01102768,-0.42462260
21949.21875,0.02263959,-0.39618126
21953.125,0.01612659,-0.37654343
21957.03125,0.02278074,-0.37668514
21960.9375,-0.00844801,-0.39206302
21964.84375,0.02821637,-0.40689546
21968.75,-0.00803900,-0.40579188
21972.65625,0.02563363,-0.38060734
21976.5625,0.01945945,-0.33089954
21980.46875,0.02490183,-0.26226491
21984.375,0.05077090,-0.18544213
21988.28125,0.06837314,-0.11357550
21992.1875,0.05687824,-0.05623119
21996.09375,0.08318334,-0.01601647
22000.0,0.07048957,0.00958477
22003.90625,0.09566060,0.02597733
22007.8125,0.07333087,0.04061281
22011.71875,0.09909587,0.06074639
22015.625,0.08425765,0.08893180
22019.53125,0.09328689,0.11842575
22023.4375,0.10848750,0.13363442
22027.34375,0.10589832,0.11999592
22031.25,0.07871264,0.07610643
22035.15625,0.08721974,0.01433317
22039.0625,0.05809863,-0.05000561
22042.96875,0.06462079,-0.10762813
22046.875,0.05501521,-0.15502718
22050.78125,0.03567551,-0.19043127
22054.6875,0.04331322,-0.21431071
22058.59375,0.03266533,-0.23307298
22062.5,0.03277850,-0.25806695
22066.40625,0.02733581,-0.29853308
22070.3125,0.01512910,-0.35450220
22074.21875,0.00609586,-0.41487843
22078.125,-0.00291963,-0.46239862
22082.03125,-0.02323676,-0.48478180
22085.9375,-0.00175924,-0.48572871
22089.84375,0.00214212,-0.48339692
22093.75,-0.01509553,-0.49385199
22097.65625,-0.00956185,-0.51618838
22101.5625,-0.02934441,-0.53477371
22105.46875,-0.00451385,-0.53419882
22109.375,-0.02495035,-0.51276129
22113.28125,-0.00567612,-0.48658210
22117.1875,-0.00803077,-0.48351017
22121.09375,-0.01670555,-0.52931124
22125.0,-0.04146855,-0.63176960
22128.90625,-0.04340960,-0.76678699
22132.8125,-0.07426167,-0.86903071
22136.71875,-0.07812869,-0.83695257
22140.625,-0.02567007,-0.56050336
22144.53125,0.08574515,0.03957561
22148.4375,0.24615258,0.97913992
22152.34375,0.43887159,2.18758059
22156.25,0.66628832,3.49411845
22160.15625,0.87440097,4.64329386
22164.0625,1.02717853,5.36190176
22167.96875,1.01792800,5.46009922
22171.875,0.93531561,4.90945721
22175.78125,0.73468977,3.85067987
22179.6875,0.48838571,2.53021169
22183.59375,0.28700271,1.20412076
22187.5,0.07095678,0.05998393
22191.40625,-0.04580130,-0.81122696
22195.3125,-0.19241826,-1.39810312
22199.21875,-0.20679061,-1.73299813
22203.125,-0.24674906,-1.85938454
22207.03125,-0.25054193,-1.81573939
22210.9375,-0.21838629,-1.64125013
22214.84375,-0.16884503,-1.38882816
22218.75,-0.10612109,-1.12121880
22222.65625,-0.08810376,-0.88929254
22226.5625,-0.05270295,-0.71627772
22230.46875,-0.04061010,-0.60208637
22234.375,-0.01364544,-0.53641456
22238.28125,-0.00997145,-0.50491804
22242.1875,-0.02117431,-0.48994309
22246.09375,-0.02115866,-0.47593445
22250.0,0.00891397,-0.45722198
22253.90625,-0.01747323,-0.43743855
22257.8125,0.01139395,-0.42088303
22261.71875,-0.00451874,-0.40574867
22265.625,-0.00575724,-0.38584661
22269.53125,0.01397858,-0.35888594
22273.4375,0.01689446,-0.33057576
22277.34375,0.02056899,-0.30774409
22281.25,0.01180448,-0.29011527
22285.15625,0.02239715,-0.27283072
22289.0625,0.02573106,-0.25515878
22292.96875,0.03636928,-0.24181136
22296.875,0.02659814,-0.23536190
22300.78125,0.02048869,-0.23233348
22304.6875,0.03119897,-0.22842127
22308.59375,0.04683483,-0.22166193
22312.5,0.01994564,-0.20768730
22316.40625,0.03370961,-0.17859800
22320.3125,0.05863363,-0.13012737
22324.21875,0.05596331,-0.06591070
22328.125,0.05001730,0.00488124
22332.03125,0.10851625,0.07203950
22335.9375,0.08333243,0.13114776
22339.84375,0.09298684,0.18703513
22343.75,0.11348904,0.24626744
22347.65625,0.12418728,0.30858111
22351.5625,0.13049431,0.36858124
22355.46875,0.14222723,0.42127907
22359.375,0.14269225,0.46445456
22363.28125,0.16770668,0.50188208
22367.1875,0.15792726,0.54691046
22371.09375,0.16354905,0.61553657
22375.0,0.18908642,0.70942622
22378.90625,0.22137642,0.81004339
22382.8125,0.21744119,0.89466894
22386.71875,0.22795315,0.95473355
22390.625,0.25131062,0.99683487
22394.53125,0.22645292,1.03152013
22398.4375,0.26272273,1.06365800
22402.34375,0.25183439,1.09102821
22406.25,0.26172999,1.11039317
22410.15625,0.26812929,1.12402546
22414.0625,0.24432698,1.13848686
22417.96875,0.27412131,1.15601444
22421.875,0.27840483,1.16994905
22425.78125,0.26057178,1.17108071
22429.6875,0.26608554,1.15472114
22433.59375,0.24845260,1.11918569
22437.5,0.27226967,1.06391227
22441.40625,0.23361598,0.99513203
22445.3125,0.21255073,0.92856234
22449.21875,0.21685037,0.87889105
22453.125,0.23213719,0.84733891
22457.03125,0.18135756,0.82079899
22460.9375,0.21635318,0.77943295
22464.84375,0.18512742,0.70814532
22468.75,0.17253622,0.60897183
22472.65625,0.15447663,0.50261724
22476.5625,0.12449408,0.41345793
22480.46875,0.13063233,0.35109404
22484.375,0.10985994,0.30490643
22488.28125,0.12324500,0.25510597
22492.1875,0.09522058,0.19028653
22496.09375,0.08286371,0.11626178
22500.0,0.06504774,0.04792131
22503.90625,0.05958668,-0.00715151
22507.8125,0.06963358,-0.05416571
22511.71875,0.04187414,-0.09970601
22515.625,0.04040118,-0.14075086
22519.53125,0.02025997,-0.17067105
22523.4375,0.04343678,-0.19197845
22527.34375,0.03262861,-0.21504016
22531.25,-0.00043222,-0.24575157
22535.15625,0.03276552,-0.28073895
22539.0625,0.01426027,-0.31173921
22542.96875,-0.01107254,-0.33073729
22546.875,0.00355918,-0.33620515
22550.78125,0.01520810,-0.33682492
22554.6875,0.00209509,-0.34423360
22558.59375,0.00720676,-0.36067048
22562.5,-0.00882519,-0.37587550
22566.40625,-0.01515239,-0.37767085
22570.3125,0.01008081,-0.36662191
22574.21875,-0.00036728,-0.35884753
22578.125,0.00196187,-0.37193948
22582.03125,-0.00531053,-0.40789309
22585.9375,-0.02395272,-0.45082462
22589.84375,-0.02578945,-0.48210171
22593.75,-0.01800419,-0.49674171
22597.65625,-0.02829317,-0.50334340
22601.5625,-0.01115200,-0.50937378
22605.46875,-0.03689820,-0.51047039
22609.375,-0.03569875,-0.49688435
22613.28125,-0.01191559,-0.46873853
22617.1875,-0.01119770,-0.43988192
22621.09375,-0.00731351,-0.42493272
22625.0,-0.01085655,-0.42534384
22628.90625,-0.03268543,-0.43051404
22632.8125,-0.00647962,-0.43165180
22636.71875,0.00219171,-0.43022403
22640.625,-0.01815433,-0.43146858
22644.53125,-0.03594623,-0.43627587
22648.4375,0.00373712,-0.44199339
22652.34375,-0.00722326,-0.44421998
22656.25,-0.03689751,-0.43845695
22660.15625,-0.01259695,-0.42833495
22664.0625,0.00131522,-0.42809501
22667.96875,-0.02484554,-0.44717282
22671.875,-0.01094757,-0.47536662
22675.78125,-0.03811917,-0.48984417
22679.6875,-0.02175067,-0.47587925
22683.59375,-0.01440832,-0.43947655
22687.5,-0.00811120,-0.40220293
22691.40625,-0.00558927,-0.38507912
22695.3125,-0.00122287,-0.39422163
22699.21875,-0.02055939,-0.41722229
22703.125,-0.00770841,-0.43266541
22707.03125,-0.02858141,-0.42687401
22710.9375,-0.01259419,-0.40521511
22714.84375,0.01215112,-0.38643160
22718.75,-0.00367512,-0.38303530
22722.65625,-0.02455975,-0.38950926
22726.5625,-0.00823803,-0.39258146
22730.46875,-0.00532263,-0.38814092
22734.375,-0.00403710,-0.38419327
22738.28125,-0.00440145,-0.39148825
22742.1875,-0.01357566,-0.41407943
22746.09375,-0.02981608,-0.44622239
22750.0,-0.01196437,-0.47580692
22753.90625,-0.02650088,-0.49047196
22757.8125,-0.02126972,-0.48297146
22761.71875,-0.03110152,-0.45587870
22765.625,-0.02111870,-0.42342374
22769.53125,0.01285248,-0.40384758
22773.4375,-0.01806716,-0.40380743
22777.34375,-0.01223968,-0.41133234
22781.25,-0.02225754,-0.40846080
22785.15625,-0.01092401,-0.39065066
22789.0625,0.00254201,-0.37134197
22792.96875,0.00163654,-0.36695251
22796.875,-0.01021274,-0.37869987
22800.78125,-0.01342725,-0.39037585
22804.6875,-0.00845387,-0.38274258
22808.59375,-0.00406915,-0.34853724
22812.5,0.00572578,-0.29509172
22816.40625,0.03501836,-0.23476313
22820.3125,0.01399650,-0.17378649
22824.21875,0.04044843,-0.11114049
22828.125,0.04772418,-0.04637568
22832.03125,0.06349440,0.01518978
22835.9375,0.06956474,0.06451635
22839.84375,0.07856221,0.09382809
22843.75,0.06760795,0.10181902
22847.65625,0.09034809,0.09695195
22851.5625,0.04757403,0.09284043
22855.46875,0.09308853,0.09548759
22859.375,0.07553903,0.09618597
22863.28125,0.06180463,0.07943086
22867.1875,0.06738000,0.03524053
22871.09375,0.05434878,-0.03545335
22875.0,0.04288283,-0.12094247
22878.90625,0.01519792,-0.20287558
22882.8125,0.00555574,-0.26523432
22886.71875,0.01170188,-0.30200702
22890.625,0.01115731,-0.31622005
22894.53125,-0.01031508,-0.31489486
22898.4375,0.00894720,-0.30859447
22902.34375,0.00702145,-0.31172329
22906.25,-0.00637435,-0.33601227
22910.15625,-0.00079451,-0.38134137
22914.0625,-0.01584836,-0.43257144
22917.96875,-0.02860013,-0.46660364
22921.875,-0.02777355,-0.46824929
22925.78125,-0.01893413,-0.44338802
22929.6875,-0.00904774,-0.41538993
22933.59375,-0.01614017,-0.40684766
22937.5,-0.00073315,-0.42351475
22941.40625,-0.03659892,-0.45367092
22945.3125,-0.02583854,-0.48209050
22949.21875,-0.03190106,-0.50565195
22953.125,-0.03193092,-0.53702980
22957.03125,-0.04963354,-0.59435821
22960.9375,-0.04800780,-0.68256992
22964.84375,-0.08892807,-0.77293301
22968.75,-0.06064755,-0.79145718
22972.65625,-0.06324928,-0.62908828
22976.5625,0.02849472,-0.17698735
22980.46875,0.17226376,0.62532020
22984.375,0.33205307,1.74712121
22988.28125,0.58831501,3.04414725
22992.1875,0.79754239,4.27364206
22996.09375,0.95541793,5.15749121
23000.0,1.01422882,5.47523737
23003.90625,0.95918906,5.14475870
23007.8125,0.79345042,4.25062704
23011.71875,0.55451608,3.00348234
23015.625,0.33953255,1.65295327
23019.53125,0.13441250,0.40775412
23023.4375,-0.03753689,-0.59820813
23027.34375,-0.18132503,-1.30249512
23031.25,-0.23928192,-1.70268762
23035.15625,-0.25325489,-1.84437978
23039.0625,-0.25269118,-1.80045891
23042.96875,-0.22499962,-1.64546120
23046.875,-0.19558524,-1.43830454
23050.78125,-0.15564865,-1.21848261
23054.6875,-0.11542621,-1.01077950
23058.59375,-0.08300667,-0.83074564
23062.5,-0.05924996,-0.68637532
23066.40625,-0.05354294,-0.57841963
23070.3125,-0.02464511,-0.50379664
23074.21875,-0.02380027,-0.45969906
23078.125,-0.00806650,-0.44229078
23082.03125,-0.02757161,-0.44168526
23085.9375,-0.02234196,-0.44243085
23089.84375,-0.01547160,-0.43228772
23093.75,-0.01173253,-0.41013116
23097.65625,-0.00517330,-0.38487729
23101.5625,-0.02049332,-0.36838776
23105.46875,0.00862008,-0.36793330
23109.375,-0.00509831,-0.37944755
23113.28125,-0.01845955,-0.38650325
23117.1875,-0.00850853,-0.37182668
23121.09375,-0.00071764,-0.33385539
23125.0,0.00799151,-0.29105580
23128.90625,0.01666194,-0.26864713
23132.8125,0.00709541,-0.27870339
23136.71875,0.01121496,-0.30928314
23140.625,-0.01027699,-0.33140519
23144.53125,0.00735157,-0.31876338
23148.4375,0.00400760,-0.26489940
23152.34375,0.02204825,-0.18586440
23156.25,0.05800744,-0.10713823
23160.15625,0.05151466,-0.04428863
23164.0625,0.04110700,0.00463712
23167.96875,0.05769070,0.04732709
23171.875,0.09709454,0.08565729
23175.78125,0.07879073,0.12272277
23179.6875,0.07582323,0.17251232
23183.59375,0.09757187,0.25057828
23187.5,0.12402099,0.35670683
23191.40625,0.13852417,0.47222963
23195.3125,0.16384992,0.57297498
23199.21875,0.16621648,0.64440715
23203.125,0.17859624,0.68863004
23207.03125,0.17403056,0.71986210
23210.9375,0.19730663,0.75372696
23214.84375,0.19594975,0.80052751
23218.75,0.20451906,0.86443549
23222.65625,0.21433939,0.94214690
23226.5625,0.24389410,1.02166784
23230.46875,0.24915411,1.08864594
23234.375,0.25295857,1.13648844
23238.28125,0.24548732,1.16755342
23242.1875,0.28598103,1.18625045
23246.09375,0.25421146,1.19632900
23250.0,0.26550657,1.20216453
23253.90625,0.26299298,1.20539260
23257.8125,0.27416489,1.20059323
23261.71875,0.25780019,1.17850256
23265.625,0.25668037,1.13410461
23269.53125,0.24651775,1.07201827
23273.4375,0.22967389,1.00514591
23277.34375,0.21937780,0.94601607
23281.25,0.21166155,0.89670199
23285.15625,0.20991583,0.84812421
23289.0625,0.20353979,0.79064798
23292.96875,0.16865994,0.72314340
23296.875,0.17870809,0.65051699
23300.78125,0.16256036,0.57714617
23304.6875,0.13586858,0.50570846
23308.59375,0.14235827,0.43849307
23312.5,0.12829514,0.37758681
23316.40625,0.10780633,0.32436666
23320.3125,0.10084931,0.27620900
23324.21875,0.10582047,0.22373950
23328.125,0.09055950,0.15772818
23332.03125,0.07660890,0.08167331
23335.9375,0.04846374,0.01320518
23339.84375,0.05632376,-0.03060641
23343.75,0.05507940,-0.04837985
23347.65625,0.04472036,-0.05477386
23351.5625,0.06108287,-0.06853052
23355.46875,0.02382874,-0.10104574
23359.375,0.04230688,-0.15282112
23363.28125,0.03300719,-0.21424635
23367.1875,0.00428561,-0.26823500
23371.09375,-0.00889027,-0.30033419
23375.0,0.02630936,-0.31124526
23378.90625,0.00421921,-0.31485629
23382.8125,-0.00748832,-0.32389855
23386.71875,0.01702378,-0.34139666
23390.625,-0.01024379,-0.36236513
23394.53125,-0.01436779,-0.38066226
23398.4375,-0.00636547,-0.39674228
23402.34375,0.00543262,-0.41677937
23406.25,-0.02806203,-0.44239166
23410.15625,-0.02817181,-0.46763480
23414.0625,-0.01839268,-0.48775226
23417.96875,-0.01362809,-0.50286251
23421.875,-0.05059504,-0.51207578
23425.78125,-0.00715749,-0.51149517
23429.6875,-0.03698071,-0.49925771
23433.59375,-0.03058931,-0.47941449
23437.5,0.00346810,-0.46006191
23441.40625,-0.03125019,-0.44677481
23445.3125,-0.01311238,-0.43923679
23449.21875,-0.01572901,-0.43583232
23453.125,-0.00722097,-0.43714523
23457.03125,-0.02357374,-0.44263628
23460.9375,-0.01182962,-0.44843444
23464.84375,-0.01951094,-0.45070523
23468.75,-0.01168041,-0.44911540
23472.65625,-0.02282970,-0.44667977
23476.5625,-0.01261849,-0.44756031
23480.46875,-0.01584760,-0.45399988
23484.375,-0.01472819,-0.46320701
23488.28125,-0.02281265,-0.46782610
23492.1875,-0.02557776,-0.46198183
23496.09375,-0.00518915,-0.44712970
23500.0,-0.01711741,-0.43075794
23503.90625,-0.01213549,-0.42026228
23507.8125,-0.00089830,-0.41832086
23511.71875,-0.02031750,-0.42151079
23515.625,-0.00653024,-0.42274243
23519.53125,-0.01322070,-0.41730103
23523.4375,-0.01165977,-0.40736905
23527.34375,0.00757045,-0.39950225
23531.25,-0.01414318,-0.39723760
23535.15625,-0.00793058,-0.39855492
23539.0625,-0.00977677,-0.40239832
23542.96875,-0.00356525,-0.41493154
23546.875,-0.02238292,-0.44554678
23550.78125,0.00110188,-0.49434632
23554.6875,-0.04777536,-0.54310381
23558.59375,-0.03595310,-0.56353629
23562.5,-0.03634944,-0.54053831
23566.40625,-0.01035858,-0.48675078
23570.3125,-0.00665520,-0.43262249
23574.21875,-0.02131600,-0.40500972
23578.125,0.00334021,-0.41400152
23582.03125,-0.00682827,-0.45018086
23585.9375,-0.03151697,-0.48942617
23589.84375,-0.02849615,-0.50804305
23593.75,-0.01966388,-0.49999261
23597.65625,-0.01634494,-0.47817895
23601.5625,-0.00753688,-0.45900038
23605.46875,-0.02437275,-0.44844353
23609.375,-0.00180973,-0.44127685
23613.28125,-0.01189968,-0.42859146
23617.1875,-0.02060547,-0.40665725
23621.09375,0.00866705,-0.38226390
23625.0,0.01582231,-0.36691764
23628.90625,-0.01115601,-0.36312926
23632.8125,-0.00075523,-0.36092430
23636.71875,0.00911882,-0.34848550
23640.625,0.01344538,-0.32048208
23644.53125,0.01459352,-0.27750072
23648.4375,0.02123483,-0.22484466
23652.34375,0.03926088,-0.17145553
23656.25,0.06021566,-0.12291748
23660.15625,0.03449532,-0.07567958
23664.0625,0.05362855,-0.02512307
23667.96875,0.08852190,0.02314543
23671.875,0.08013831,0.05994032
23675.78125,0.07110728,0.08744763
23679.6875,0.08171035,0.11563179
23683.59375,0.09521536,0.14373122
23687.5,0.09256276,0.15402329
23691.40625,0.09523102,0.12691197
23695.3125,0.07829095,0.06145601
23699.21875,0.06514927,-0.01826239
23703.125,0.04328968,-0.07848631
23707.03125,0.05212013,-0.10230624
23710.9375,0.04187208,-0.10495916
23714.84375,0.05683645,-0.12288828
23718.75,0.04130079,-0.18377173
23722.65625,0.01708009,-0.28249860
23726.5625,-0.00069143,-0.38385323
23730.46875,-0.01122633,-0.44864488
23734.375,-0.02663874,-0.46129602
23738.28125,0.00212532,-0.43826020
23742.1875,0.01137019,-0.41085282
23746.09375,-0.00502212,-0.39721957
23750.0,0.00211500,-0.39076760
23753.90625,-0.01449698,-0.37578657
23757.8125,0.01225165,-0.35084206
23761.71875,0.02822915,-0.33294684
23765.625,0.00547062,-0.33950335
23769.53125,-0.00048148,-0.37131423
23773.4375,0.00069888,-0.41413566
23777.34375,-0.01076092,-0.45185614
23781.25,-0.01409881,-0.47854760
23785.15625,-0.01885548,-0.50434417
23789.0625,-0.02635883,-0.55124748
23792.96875,-0.03902894,-0.63620138
23796.875,-0.05361882,-0.74691397
23800.78125,-0.07082194,-0.82309538
23804.6875,-0.04824037,-0.75678402
23808.59375,-0.01523564,-0.42094544
23812.5,0.11322393,0.27628744
23816.40625,0.29386801,1.33321750
23820.3125,0.52133846,2.62369657
23824.21875,0.74635285,3.91382027
23828.125,0.93460864,4.92488241
23832.03125,1.01716399,5.42237234
23835.9375,0.98952448,5.29475832
23839.84375,0.86580944,4.58461094
23843.75,0.66482544,3.45947456
23847.65625,0.43363488,2.14437127
23851.5625,0.22657950,0.85461009
23855.46875,0.02434148,-0.24527478
23859.375,-0.11672394,-1.05788159
23863.28125,-0.18701275,-1.55566382
23867.1875,-0.23783879,-1.77089071
23871.09375,-0.23358366,-1.77244329
23875.0,-0.20579505,-1.63930464
23878.90625,-0.18861000,-1.44217348
23882.8125,-0.12528200,-1.23477244
23886.71875,-0.11101485,-1.04881275
23890.625,-0.08038231,-0.89257431
23894.53125,-0.07361392,-0.76052058
23898.4375,-0.02736080,-0.64999831
23902.34375,-0.02837398,-0.56798524
23906.25,-0.01241879,-0.52164036
23910.15625,-0.00457172,-0.50505483
23914.0625,-0.02213647,-0.49784189
23917.96875,-0.02405991,-0.48024169
23921.875,0.01246836,-0.45085970
23925.78125,-0.00300417,-0.42563012
23929.6875,0.01869341,-0.41757208
23933.59375,-0.01345227,-0.42131516
23937.5,-0.01118469,-0.42015526
23941.40625,0.01771623,-0.40429083
23945.3125,0.02909197,-0.37563595
23949.21875,-0.00791988,-0.33861047
23953.125,0.01996419,-0.29761878
23957.03125,0.04219449,-0.26195803
23960.9375,0.03632430,-0.24121018
23964.84375,0.03673685,-0.23448868
23968.75,0.02923424,-0.23102967
23972.65625,0.02637036,-0.22236274
23976.5625,0.05015379,-0.21014287
23980.46875,0.05170778,-0.19948277
23984.375,0.03924239,-0.18645519
23988.28125,0.04095072,-0.15756103
23992.1875,0.05452215,-0.10305326
23996.09375,0.08249206,-0.02630714
24000.0,0.09309640,0.06165453
24003.90625,0.08767858,0.15121023
24007.8125,0.12489323,0.23405054
24011.71875,0.12774935,0.30032405
24015.625,0.13836840,0.34371984
24019.53125,0.14366782,0.36993465
24023.4375,0.14740609,0.39709416
24027.34375,0.14731982,0.44473755
24031.25,0.16543145,0.51931578
24035.15625,0.18688615,0.61024970
24039.0625,0.20619491,0.70153284
24042.96875,0.21046320,0.78534567
24046.875,0.22495304,0.86215430
24050.78125,0.23630318,0.93121815
24054.6875,0.25182155,0.98739856
24058.59375,0.26171085,1.02811325
24062.5,0.25793749,1.05873013
24066.40625,0.26896432,1.08820641
24070.3125,0.27174857,1.12048209
24074.21875,0.26244962,1.15015340
24078.125,0.30296969,1.16587269
24082.03125,0.27820575,1.16081202
24085.9375,0.27332440,1.14101827
24089.84375,0.26361427,1.12028599
24093.75,0.28061730,1.10685492
24097.65625,0.26509205,1.09743869
24101.5625,0.27063453,1.08163953
24105.46875,0.25801942,1.04935491
24109.375,0.25961161,0.99738336
24113.28125,0.24116553,0.93321568
24117.1875,0.22148538,0.87088716
24121.09375,0.22349086,0.81954676
24125.0,0.22408305,0.77656960
24128.90625,0.20524447,0.73245978
24132.8125,0.19049692,0.67875773
24136.71875,0.19138816,0.61029214
24140.625,0.17102863,0.52601439
24144.53125,0.16411091,0.43264413
24148.4375,0.13661692,0.34582505
24152.34375,0.12917753,0.28297716
24156.25,0.11628222,0.25020918
24160.15625,0.12665778,0.23305264
24164.0625,0.11490795,0.20175159
24167.96875,0.11962886,0.13327922
24171.875,0.09459668,0.03525110
24175.78125,0.04830869,-0.05490563
24179.6875,0.06164443,-0.10375316
24183.59375,0.06572934,-0.11531979
24187.5,0.08455755,-0.12469194
24191.40625,0.03354802,-0.16099140
24195.3125,0.05218241,-0.22329603
24199.21875,0.04103677,-0.28775507
24203.125,0.00525331,-0.33049479
24207.03125,0.02323618,-0.34763700
24210.9375,0.03578009,-0.35675752
24214.84375,0.02435560,-0.37485686
24218.75,0.00462488,-0.39656505
24222.65625,0.01424249,-0.40003899
24226.5625,0.01339439,-0.37270999
24230.46875,0.03329572,-0.32723877
24234.375,0.02721338,-0.29390272
24238.28125,0.04547219,-0.29895228
24242.1875,0.01721028,-0.34635878
24246.09375,0.02199651,-0.41543230
24250.0,-0.01440433,-0.47563976
24253.90625,-0.00428087,-0.50746751
24257.8125,0.00405040,-0.51197606
24261.71875,0.00638968,-0.50158775
24265.625,-0.00994417,-0.48535496
24269.53125,0.00620610,-0.46596545
24273.4375,0.00134642,-0.44631717
24277.34375,0.02094600,-0.43171686
24281.25,0.01471177,-0.42475238
24285.15625,0.00200671,-0.42282900
24289.0625,0.00945621,-0.42349851
24292.96875,0.02676521,-0.42868698
24296.875,-0.01006190,-0.44080538
24300.78125,0.02938838,-0.45759147
24304.6875,-0.01267588,-0.47273776
24308.59375,0.00827271,-0.48065409
24312.5,-0.00188105,-0.48085847
24316.40625,0.00886928,-0.47759280
24320.3125,0.00873855,-0.47473514
24324.21875,-0.00594912,-0.47265688
24328.125,0.01280524,-0.47022393
24332.03125,0.00427620,-0.46673292
24335.9375,0.00478690,-0.46110338
24339.84375,0.01011119,-0.45268649
24343.75,0.01060981,-0.44424078
24347.65625,0.00990249,-0.44168246
24351.5625,0.00956452,-0.44906253
24355.46875,0.01052414,-0.46334940
24359.375,0.00428861,-0.47476149
24363.28125,-0.00296550,-0.47411934
24367.1875,0.02320546,-0.46047199
24371.09375,-0.00309523,-0.44138116
24375.0,0.01337551,-0.42758432
24378.90625,0.03056993,-0.42609999
24382.8125,0.00679754,-0.43337229
24386.71875,0.00898058,-0.43615645
24390.625,0.01126867,-0.42458576
24394.53125,0.01835080,-0.40461892
24398.4375,0.01557354,-0.39478457
24402.34375,0.04841664,-0.40822324
24406.25,-0.00986380,-0.43713337
24410.15625,0.00484755,-0.45851743
24414.0625,0.01148457,-0.45661947
24417.96875,0.01965624,-0.43550494
24421.875,0.01983020,-0.41120142
24425.78125,0.01369083,-0.39848089
24429.6875,0.02950299,-0.40392995
24433.59375,0.00423456,-0.42423871
24437.5,0.01588646,-0.44867465
24441.40625,0.02044710,-0.46477497
24445.3125,-0.00581288,-0.46392328
24449.21875,0.01767666,-0.44619170
24453.125,0.00918652,-0.42225009
24457.03125,0.03204988,-0.40587839
24460.9375,0.03407837,-0.39958766
24464.84375,-0.00492759,-0.39040077
24468.75,0.03040133,-0.36505744
24472.65625,0.04966243,-0.32569861
24476.5625,0.03143280,-0.28516516
24480.46875,0.04711943,-0.25235230
24484.375,0.05491817,-0.22650325
24488.28125,0.06151884,-0.19902276
24492.1875,0.05819785,-0.15739223
24496.09375,0.06874999,-0.09428309
24500.0,0.08135492,-0.01822894
24503.90625,0.12044895,0.04838177
24507.8125,0.10578056,0.08771861
24511.71875,0.10024017,0.10211276
24515.625,0.10589491,0.10789867
24519.53125,0.11166563,0.11605258
24523.4375,0.12561841,0.12268097
24527.34375,0.10149407,0.11589911
24531.25,0.10959212,0.08707087
24535.15625,0.10102295,0.03622304
24539.0625,0.08617073,-0.02954013
24542.96875,0.06567537,-0.10259941
24546.875,0.07479954,-0.18007413
24550.78125,0.03546776,-0.26055068
24554.6875,0.04815529,-0.33618408
24558.59375,0.01829871,-0.39170974
24562.5,0.01063223,-0.41438860
24566.40625,0.03214597,-0.40568778
24570.3125,0.02897801,-0.38124466
24574.21875,0.03123995,-0.35942423
24578.125,0.01972038,-0.35271397
24582.03125,0.04244257,-0.36690542
24585.9375,0.02793061,-0.40001473
24589.84375,0.00381721,-0.44070870
24593.75,0.02383692,-0.47337899
24597.65625,-0.00510180,-0.48725158
24601.5625,0.01843498,-0.48124215
24605.46875,0.02016164,-0.46243033
24609.375,0.00823603,-0.44166934
24613.28125,0.02025704,-0.43119726
24617.1875,0.02007396,-0.44480458
24621.09375,-0.00173808,-0.49651626
24625.0,0.00057652,-0.59415895
24628.90625,-0.03198660,-0.72484022
24632.8125,-0.04052447,-0.83610088
24636.71875,-0.05780569,-0.82953548
24640.625,0.00573923,-0.58213180
24644.53125,0.08369682,0.00745038
24648.4375,0.25242075,0.96495569
24652.34375,0.47383648,2.20261478
24656.25,0.70140266,3.52013063
24660.15625,0.90708232,4.65161037
24664.0625,1.01422024,5.34248018
24667.96875,1.05856097,5.42900705
24671.875,0.93756521,4.89163017
24675.78125,0.75211793,3.85726690
24679.6875,0.53963727,2.54804039
24683.59375,0.29448193,1.20565307
24687.5,0.09996297,0.02745483
24691.40625,-0.05171561,-0.86812913
24695.3125,-0.16373642,-1.44630551
24699.21875,-0.19912823,-1.73823535
24703.125,-0.20807102,-1.81086349
24707.03125,-0.21338630,-1.73636222
24710.9375,-0.16825996,-1.57377791
24714.84375,-0.14882624,-1.36612022
24718.75,-0.10182779,-1.14576256
24722.65625,-0.06511833,-0.93988359
24726.5625,-0.03509957,-0.77052099
24730.46875,-0.01241054,-0.64931923
24734.375,-0.01285438,-0.57413059
24738.28125,0.00592620,-0.53290468
24742.1875,0.01618300,-0.51041973
24746.09375,0.00701492,-0.49187809
24750.0,0.01240606,-0.46606857
24753.90625,0.02004782,-0.43116438
24757.8125,0.02375646,-0.39681339
24761.71875,0.05407232,-0.37559205
24765.625,0.01435787,-0.37005270
24769.53125,0.03746758,-0.37044531
24773.4375,0.02679097,-0.36604434
24777.34375,0.03963745,-0.35561994
24781.25,0.04228414,-0.34604716
24785.15625,0.02927721,-0.34400150
24789.0625,0.04036120,-0.35053259
24792.96875,0.03378879,-0.36022502
24796.875,0.04193092,-0.36184791
24800.78125,0.02440699,-0.34226856
24804.6875,0.05126305,-0.29557756
24808.59375,0.05844557,-0.23018010
24812.5,0.06073604,-0.16525137
24816.40625,0.09382492,-0.11791363
24820.3125,0.07142209,-0.09085500
24824.21875,0.08525210,-0.07147346
24828.125,0.09078843,-0.04417047
24832.03125,0.08618612,-0.00292739
24835.9375,0.12163425,0.04895775
24839.84375,0.11316155,0.10974683
24843.75,0.12764324,0.18568690
24847.65625,0.14365219,0.28335166
24851.5625,0.16289039,0.39696607
24855.46875,0.18737587,0.50640732
24859.375,0.20532298,0.58899695
24863.28125,0.20473745,0.63529366
24867.1875,0.21955141,0.65716714
24871.09375,0.20381865,0.68166536
24875.0,0.22226158,0.73270768
24878.90625,0.24034926,0.81368488
24882.8125,0.25918698,0.90686619
24886.71875,0.26874411,0.98966575
24890.625,0.27663717,1.05104363
24894.53125,0.29708114,1.09532070
24898.4375,0.28405723,1.13393378
24902.34375,0.28989607,1.17171288
24906.25,0.31752169,1.19930840
24910.15625,0.31400406,1.20286477
24914.0625,0.29751804,1.18219531
24917.96875,0.28851253,1.15451038
24921.875,0.30205619,1.13946259
24925.78125,0.29045171,1.14369690
24929.6875,0.30352128,1.15773726
24933.59375,0.29111898,1.16325808
24937.5,0.31092465,1.14474785
24941.40625,0.27670634,1.09817576
24945.3125,0.27584919,1.02942407
24949.21875,0.26520437,0.94615883
24953.125,0.24488071,0.85484594
24957.03125,0.23139732,0.76386613
24960.9375,0.21465693,0.68303156
24964.84375,0.20278588,0.61719102
24968.75,0.19426888,0.56187367
24972.65625,0.18791601,0.50700879
24976.5625,0.17853963,0.44603074
24980.46875,0.16845176,0.38190731
24984.375,0.13710664,0.32333645
24988.28125,0.15411212,0.27438742
24992.1875,0.14293435,0.22958386
24996.09375,0.11820929,0.17931543
25000.0,0.12975852,0.11825298
25003.90625,0.10771783,0.04998208
25007.8125,0.07669087,-0.01544691
25011.71875,0.10845457,-0.07057180
25015.625,0.06126531,-0.11675759
25019.53125,0.07652159,-0.16128740
25023.4375,0.06010379,-0.21074203
25027.34375,0.05796964,-0.26618135
25031.25,0.03724834,-0.32186633
25035.15625,0.03241457,-0.36868870
25039.0625,0.02681334,-0.39943630
25042.96875,0.03732733,-0.41082084
25046.875,0.02071232,-0.40275952
25050.78125,0.03258134,-0.37984049
25054.6875,0.03035358,-0.35469386
25058.59375,0.04064682,-0.34582108
25062.5,0.05024224,-0.36563340
25066.40625,0.01552046,-0.40715125
25070.3125,0.02628638,-0.44498429
25074.21875,0.00445517,-0.45466915
25078.125,0.02671864,-0.43424696
25082.03125,0.03301404,-0.40657640
25085.9375,0.03310689,-0.39844444
25089.84375,0.02230550,-0.41653377
25093.75,0.02443310,-0.44306955
25097.65625,0.01641192,-0.45311341
25101.5625,0.00553310,-0.43778455
25105.46875,0.03303890,-0.41415480
25109.375,0.04684646,-0.40974489
25113.28125,0.01727037,-0.43318361
25117.1875,0.00867610,-0.46330020
25121.09375,0.01201169,-0.47047451
25125.0,0.01507004,-0.44606984
25128.90625,0.04325261,-0.40929434
25132.8125,0.02569694,-0.38825190
25136.71875,0.02533659,-0.39700589
25140.625,0.02884593,-0.42859128
25144.53125,0.01142610,-0.46424043
25148.4375,0.01579088,-0.48779371
25152.34375,-0.00088633,-0.49550837
25156.25,0.02892289,-0.49472257
25160.15625,0.00657561,-0.49258000
25164.0625,0.01620480,-0.48711351
25167.96875,0.00683568,-0.47129452
25171.875,0.01927955,-0.44474936
25175.78125,0.02977023,-0.41868523
25179.6875,0.02963155,-0.40803882
25183.59375,0.02004018,-0.41894111
25187.5,0.02789329,-0.44349447
25191.40625,0.00244944,-0.46639812
25195.3125,0.02035701,-0.47781941
25199.21875,0.01299662,-0.48031417
25203.125,0.01882047,-0.48266038
25207.03125,0.00929228,-0.48933500
25210.9375,0.00145208,-0.49914730
25214.84375,0.01590123,-0.51068467
25218.75,0.01344043,-0.52119142
25222.65625,0.00517347,-0.52031630
25226.5625,-0.00970649,-0.49537987
25230.46875,0.03812240,-0.44773448
25234.375,0.02006578,-0.39780456
25238.28125,0.03064937,-0.37027052
25242.1875,0.05060295,-0.37542686
25246.09375,0.00362726,-0.40301663
25250.0,0.03221017,-0.43159744
25253.90625,0.01303758,-0.44343695
25257.8125,0.03036544,-0.43187407
25261.71875,0.01886311,-0.40119201
25265.625,0.02747117,-0.36616269
25269.53125,0.04393120,-0.34794140
25273.4375,0.04064037,-0.36009800
25277.34375,0.02310839,-0.39487574
25281.25,0.01548857,-0.42694113
25285.15625,0.02739896,-0.43289107
25289.0625,0.01233662,-0.40829739
25292.96875,0.03538501,-0.36988890
25296.875,0.05497590,-0.34141895
25300.78125,0.02541126,-0.33281156
25304.6875,0.03287305,-0.33228633
25308.59375,0.04913102,-0.31855705
25312.5,0.04402844,-0.27750862
25316.40625,0.05311668,-0.21024831
25320.3125,0.07221928,-0.13230729
25324.21875,0.09264398,-0.06392149
25328.125,0.09515759,-0.01484922
25332.03125,0.09622007,0.02259604
25335.9375,0.09573708,0.06357235
25339.84375,0.11949587,0.11391914
25343.75,0.12263976,0.16403848
25347.65625,0.13666387,0.19791828
25351.5625,0.12897399,0.20596012
25355.46875,0.11541204,0.18893357
25359.375,0.13130890,0.15306534
25363.28125,0.11855947,0.10591370
25367.1875,0.08870132,0.05496334
25371.09375,0.09946654,0.00348672
25375.0,0.09144346,-0.05155073
25378.90625,0.07899897,-0.11275435
25382.8125,0.04773854,-0.17656882
25386.71875,0.06024082,-0.23802699
25390.625,0.04849000,-0.29591244
25394.53125,0.03083218,-0.34886521
25398.4375,0.02610232,-0.39110866
25402.34375,0.01435936,-0.41654354
25406.25,0.03152216,-0.42550233
25410.15625,0.00978593,-0.42633015
25414.0625,0.02346182,-0.43151110
25417.96875,0.02290185,-0.45001227
25421.875,0.00275564,-0.47965088
25425.78125,0.00200231,-0.50788176
25429.6875,0.01170333,-0.52104521
25433.59375,0.00983224,-0.51112860
25437.5,-0.00661392,-0.47816780
25441.40625,0.02247424,-0.43508896
25445.3125,0.02376123,-0.40982503
25449.21875,0.02080360,-0.43382871
25453.125,0.01193785,-0.52145487
25457.03125,-0.03041793,-0.65727127
25460.9375,-0.06159927,-0.80140197
25464.84375,-0.04280714,-0.90193337
25468.75,-0.06111479,-0.89476746
25472.65625,-0.01895224,-0.69541043
25476.5625,0.04239173,-0.21098290
25480.46875,0.19296744,0.61579955
25484.375,0.39856517,1.75405145
25488.28125,0.60756201,3.05750942
25492.1875,0.82925266,4.28179169
25496.09375,1.00235236,5.14857006
25500.0,1.03099442,5.44002342
25503.90625,0.99033761,5.08192492
25507.8125,0.80831474,4.17001486
25511.71875,0.58098638,2.92507601
25515.625,0.37516817,1.60362613
25519.53125,0.13722076,0.41341439
25523.4375,0.02544449,-0.52861911
25527.34375,-0.12289862,-1.19085002
25531.25,-0.18087149,-1.59566176
25535.15625,-0.21554294,-1.78798568
25539.0625,-0.23013306,-1.81499660
25542.96875,-0.19767447,-1.71703577
25546.875,-0.17594284,-1.52808225
25550.78125,-0.13441995,-1.28235102
25554.6875,-0.08609241,-1.02010953
25558.59375,-0.05067668,-0.78482783
25562.5,0.00160563,-0.61002457
25566.40625,-0.00463324,-0.50566041
25570.3125,0.01041430,-0.45756790
25574.21875,0.01419782,-0.44103554
25578.125,0.00711123,-0.43589333
25582.03125,0.02328824,-0.43286368
25585.9375,0.01095717,-0.43143743
25589.84375,0.02032011,-0.43398178
25593.75,0.00852923,-0.43965185
25597.65625,0.02637266,-0.44086161
25601.5625,-0.00746652,-0.42717588
25605.46875,0.02678314,-0.39703637
25609.375,0.03804794,-0.36344635
25613.28125,0.03019251,-0.34233400
25617.1875,0.01670346,-0.33702129
25621.09375,0.04402020,-0.33706769
25625.0,0.02255669,-0.32847506
25628.90625,0.04114544,-0.30358118
25632.8125,0.03974327,-0.26528659
25636.71875,0.05182147,-0.22326741
25640.625,0.05589046,-0.18479219
25644.53125,0.06263993,-0.14898439
25648.4375,0.07517022,-0.10977651
25652.34375,0.06257322,-0.06380603
25656.25,0.09748816,-0.01478546
25660.15625,0.08567879,0.03088708
25664.0625,0.10647916,0.07236825
25667.96875,0.10930917,0.11642729
25671.875,0.11187497,0.17091145
25675.78125,0.12411024,0.23657472
25679.6875,0.14523384,0.30548346
25683.59375,0.14660378,0.36771092
25687.5,0.17173973,0.42002150
25691.40625,0.16567180,0.46885109
25695.3125,0.16266772,0.52407980
25699.21875,0.18988365,0.58826303
25703.125,0.21326849,0.65410501
25707.03125,0.20567566,0.71426833
25710.9375,0.21681941,0.76996052
25714.84375,0.23316373,0.82847345
25718.75,0.23414020,0.89545983
25722.65625,0.24951422,0.96860641
25726.5625,0.27242419,1.03622925
25730.46875,0.28116184,1.08542144
25734.375,0.27279800,1.11478138
25738.28125,0.27560118,1.13655210
25742.1875,0.28662437,1.16434765
25746.09375,0.29597440,1.20031488
25750.0,0.30201784,1.23367155
25753.90625,0.29518208,1.24874973
25757.8125,0.30301586,1.23497045
25761.71875,0.28858301,1.19294345
25765.625,0.27472797,1.13261795
25769.53125,0.27919081,1.06595385
25773.4375,0.26292121,1.00322688
25777.34375,0.23394026,0.95261651
25781.25,0.22671543,0.91382462
25785.15625,0.26487386,0.87310290
25789.0625,0.22687007,0.81601286
25792.96875,0.20684169,0.74534148
25796.875,0.17465146,0.67589676
25800.78125,0.20640092,0.61283427
25804.6875,0.18862081,0.54703343
25808.59375,0.16460641,0.47215146
25812.5,0.13453113,0.39439714
25816.40625,0.14376745,0.32306105
25820.3125,0.13627405,0.26127109
25824.21875,0.11060622,0.20844075
25828.125,0.11243884,0.16304725
25832.03125,0.10680456,0.12007425
25835.9375,0.09133869,0.07130855
25839.84375,0.07994664,0.01004659
25843.75,0.06953157,-0.06575132
25847.65625,0.07192359,-0.15183435
25851.5625,0.02994771,-0.23653680
25855.46875,0.02491834,-0.30537200
25859.375,0.01544104,-0.35097718
25863.28125,0.02406375,-0.37698165
25867.1875,0.02423977,-0.39047003
25871.09375,0.00033456,-0.39398038
25875.0,0.01044575,-0.38805842
25878.90625,0.01512470,-0.37807813
25882.8125,0.02977631,-0.37259981
25886.71875,0.00363015,-0.37616929
25890.625,0.01609465,-0.38856077
25894.53125,0.00695834,-0.40887544
25898.4375,0.01145897,-0.43424904
25902.34375,-0.00394969,-0.45549756
25906.25,-0.00160021,-0.46029049
25910.15625,0.00723950,-0.44263464
25914.0625,0.00899369,-0.40755862
25917.96875,0.00971851,-0.36798558
25921.875,0.01952803,-0.33969253
25925.78125,0.02806055,-0.33599520
25929.6875,0.01877445,-0.36025953
25933.59375,0.01143797,-0.40087608
25937.5,-0.00887531,-0.43670622
25941.40625,-0.00387613,-0.45142409
25945.3125,0.01696277,-0.44309333
25949.21875,0.00756460,-0.41996989
25953.125,-0.00580588,-0.39194781
25957.03125,0.02096123,-0.36864561
25960.9375,0.02104460,-0.35853392
25964.84375,0.00957759,-0.36377281
25968.75,0.01490027,-0.37841383
25972.65625,0.01251159,-0.39311349
25976.5625,-0.00180221,-0.40038595
25980.46875,0.01373237,-0.39841539
25984.375,0.00393113,-0.39337313
25988.28125,0.01368622,-0.39617711
25992.1875,0.01544051,-0.41297311
25996.09375,-0.01550896,-0.43835708
26000.0,-0.00018744,-0.46063256
26003.90625,-0.00446968,-0.47335127
26007.8125,-0.00382829,-0.47917750
26011.71875,-0.01088951,-0.48411134
26015.625,-0.00304224,-0.49015129
26019.53125,-0.00790877,-0.49249801
26023.4375,-0.02925564,-0.48514965
26027.34375,0.01409379,-0.47106558
26031.25,-0.00557841,-0.46292663
26035.15625,-0.01433617,-0.47120309
26039.0625,-0.00129350,-0.49392620
26042.96875,-0.02220413,-0.51753563
26046.875,-0.00863904,-0.52552861
26050.78125,-0.02490846,-0.50888395
26054.6875,0.00462071,-0.47137320
26058.59375,-0.00851939,-0.42575258
26062.5,0.01657698,-0.38599202
26066.40625,0.00505732,-0.36344138
26070.3125,0.00880321,-0.36711675
26074.21875,0.01268628,-0.40169981
26078.125,-0.01130331,-0.46095806
26082.03125,-0.01037987,-0.52407300
26085.9375,-0.02662957,-0.56349546
26089.84375,-0.03683935,-0.56262076
26093.75,-0.01111467,-0.52960342
26097.65625,-0.00943314,-0.49163517
26101.5625,0.00019172,-0.47103265
26105.46875,-0.00848415,-0.46665305
26109.375,-0.02582407,-0.46096867
26113.28125,0.00898539,-0.44340673
26117.1875,-0.00370275,-0.42183620
26121.09375,0.00143453,-0.41193148
26125.0,0.00492196,-0.42033255
26128.90625,-0.00142559,-0.43752268
26132.8125,-0.01166694,-0.44345662
26136.71875,-0.00837692,-0.42103770
26140.625,0.02746287,-0.36661318
26144.53125,0.00293915,-0.29052076
26148.4375,0.03570511,-0.21163706
26152.34375,0.07114759,-0.14789988
26156.25,0.02640238,-0.10385142
26160.15625,0.07389712,-0.06773025
26164.0625,0.06052932,-0.02404415
26167.96875,0.07411621,0.03186965
26171.875,0.08537160,0.08992658
26175.78125,0.10755923,0.13342904
26179.6875,0.08793447,0.15173775
26183.59375,0.08555689,0.14448017
26187.5,0.10538885,0.11636727
26191.40625,0.08715191,0.07512972
26195.3125,0.06171465,0.03232364
26199.21875,0.06645665,-0.00360310
26203.125,0.07780293,-0.03537619
26207.03125,0.04794910,-0.07274519
26210.9375,0.05879197,-0.12221827
26214.84375,0.02270139,-0.18321151
26218.75,0.04313339,-0.24953857
26222.65625,0.00018952,-0.31123713
26226.5625,0.01383299,-0.35756224
26230.46875,0.01666945,-0.38047567
26234.375,-0.01512144,-0.37774327
26238.28125,-0.00532446,-0.35882148
26242.1875,0.03792091,-0.34612206
26246.09375,0.00229207,-0.35920909
26250.0,-0.00679346,-0.39567098
26253.90625,-0.00382287,-0.43407688
26257.8125,-0.02419599,-0.45503250
26261.71875,0.00827531,-0.45584300
26265.625,-0.02216380,-0.44759074
26269.53125,0.00077533,-0.44279441
26273.4375,-0.01017785,-0.44636503
26277.34375,-0.01249139,-0.45618057
26281.25,-0.02264179,-0.47199783
26285.15625,-0.01225361,-0.50373280
26289.0625,-0.03467853,-0.56815273
26292.96875,-0.04963706,-0.67269892
26296.875,-0.05207416,-0.79463369
26300.78125,-0.10421927,-0.86690950
26304.6875,-0.04264299,-0.78269815
26308.59375,-0.02094914,-0.42408755
26312.5,0.11249931,0.29042849
26316.40625,0.30234155,1.35534263
26320.3125,0.50234884,2.64792037
26324.21875,0.76257360,3.93889189
26328.125,0.92633879,4.94982338
26332.03125,1.00884819,5.44099331
26335.9375,0.99870539,5.29395628
26339.84375,0.85795528,4.55147314
26343.75,0.63112843,3.39421296
26347.65625,0.42806503,2.06529355
26351.5625,0.19371153,0.78657287
26355.46875,0.01015459,-0.29105332
26359.375,-0.10227942,-1.09450316
26363.28125,-0.22708854,-1.61004686
26367.1875,-0.26018584,-1.86220968
26371.09375,-0.25092253,-1.89918196
26375.0,-0.24499153,-1.77965522
26378.90625,-0.21199299,-1.56161749
26382.8125,-0.15453611,-1.29817832
26386.71875,-0.10953093,-1.03549659
26390.625,-0.08814482,-0.80856615
26394.53125,-0.03334846,-0.63852781
26398.4375,-0.02579018,-0.53121912
26402.34375,-0.02548945,-0.47679895
26406.25,-0.01701315,-0.45640993
26410.15625,-0.00415597,-0.45327380
26414.0625,-0.02285903,-0.45735702
26417.96875,-0.01432703,-0.46269658
26421.875,-0.01339492,-0.46414164
26425.78125,-0.01407609,-0.45631015
26429.6875,-0.01587429,-0.43534476
26433.59375,-0.00355451,-0.40266806
26437.5,-0.00431595,-0.36652747
26441.40625,0.00826715,-0.33826375
26445.3125,0.01848899,-0.32473814
26449.21875,-0.00514607,-0.32298794
26453.125,0.00421553,-0.32379299
26457.03125,0.01711674,-0.32058203
26460.9375,0.00231793,-0.31241459
26464.84375,0.02115637,-0.29916373
26468.75,0.00466197,-0.27722198
26472.65625,0.02780356,-0.24142978
26476.5625,0.01985506,-0.19146259
26480.46875,0.04798704,-0.13531594
26484.375,0.04699920,-0.08369385
26488.28125,0.05957557,-0.03979999
26492.1875,0.05800704,0.00275459
26496.09375,0.06121264,0.05004916
26500.0,0.09455365,0.09931920
26503.90625,0.08393617,0.14420944
26507.8125,0.08982406,0.18530160
26511.71875,0.10654292,0.23061480
26515.625,0.10676030,0.28793290
26519.53125,0.12581991,0.35982671
26523.4375,0.14019570,0.44350547
26527.34375,0.14866269,0.53187472
26531.25,0.17437826,0.61524111
26535.15625,0.17381239,0.68537503
26539.0625,0.19472344,0.74050200
26542.96875,0.19760667,0.78687048
26546.875,0.20494574,0.83479810
26550.78125,0.20703825,0.89118892
26554.6875,0.23278476,0.95380902
26558.59375,0.23579377,1.01240933
26562.5,0.24517925,1.05541170
26566.40625,0.24075489,1.07627833
26570.3125,0.25157601,1.07725668
26574.21875,0.25050759,1.07111037
26578.125,0.24683343,1.07740295
26582.03125,0.23704639,1.10959268
26585.9375,0.26712149,1.16112542
26589.84375,0.27310294,1.20652819
26593.75,0.27300271,1.21938050
26597.65625,0.27169359,1.19031811
26601.5625,0.24482743,1.12977815
26605.46875,0.23721251,1.05596292
26609.375,0.23868679,0.98183382
26613.28125,0.22806260,0.91394275
26617.1875,0.19024554,0.85775000
26621.09375,0.20117804,0.81529135
26625.0,0.20329212,0.77869278
26628.90625,0.18008822,0.73376721
26632.8125,0.18776207,0.67216229
26636.71875,0.14649096,0.59812683
26640.625,0.16126944,0.52386868
26644.53125,0.13631836,0.45944938
26648.4375,0.11971873,0.40539986
26652.34375,0.12844375,0.35229161
26656.25,0.10839250,0.28809386
26660.15625,0.09856255,0.20816487
26664.0625,0.07605503,0.11857510
26667.96875,0.05541519,0.03122455
26671.875,0.06894998,-0.04155794
26675.78125,0.02963407,-0.08966921
26679.6875,0.04036464,-0.10952900
26683.59375,0.05125297,-0.10875998
26687.5,0.02278361,-0.10519874
26691.40625,0.03559283,-0.12158065
26695.3125,0.04976295,-0.17568992
26699.21875,0.01204580,-0.26336747
26703.125,-0.01235790,-0.35066551
26707.03125,-0.01881674,-0.39466685
26710.9375,-0.00177741,-0.37813112
26714.84375,-0.00075962,-0.32345551
26718.75,0.01461730,-0.27460584
26722.65625,0.02118164,-0.26498574
26726.5625,0.00419969,-0.29672745
26730.46875,-0.01090726,-0.34600496
26734.375,-0.01405678,-0.38661435
26738.28125,0.00021570,-0.40787569
26742.1875,-0.02424900,-0.41386163
26746.09375,-0.00327638,-0.41319889
26750.0,-0.01955921,-0.41185629
26753.90625,-0.01730059,-0.41208240
26757.8125,-0.01576897,-0.41541955
26761.71875,-0.00146442,-0.42384601
26765.625,-0.02884337,-0.43594134
26769.53125,-0.02349455,-0.44524023
26773.4375,-0.01398367,-0.44560301
26777.34375,-0.01813502,-0.43682605
26781.25,-0.01934408,-0.42506382
26785.15625,-0.01805745,-0.41993761
26789.0625,-0.01496768,-0.42909214
26792.96875,-0.00971054,-0.45069003
26796.875,-0.02895608,-0.47148180
26800.78125,-0.04978541,-0.47828597
26804.6875,-0.00541417,-0.47292826
26808.59375,-0.01965626,-0.46938801
26812.5,-0.02653185,-0.47479919
26816.40625,-0.03421849,-0.48016500
26820.3125,-0.02108986,-0.47127879
26824.21875,-0.02626127,-0.44473130
26828.125,-0.01299734,-0.41375181
26832.03125,-0.00344162,-0.40009212
26835.9375,-0.02683666,-0.41778949
26839.84375,-0.01366839,-0.46165994
26843.75,-0.03134285,-0.50915790
26847.65625,-0.04249799,-0.53357214
26851.5625,-0.03518352,-0.52122778
26855.46875,-0.03366319,-0.48245928
26859.375,-0.00911010,-0.44650036
26863.28125,-0.01790087,-0.44087330
26867.1875,-0.02337061,-0.47029281
26871.09375,-0.03842535,-0.51349211
26875.0,-0.04266037,-0.54157645
26878.90625,-0.03807073,-0.54071319
26882.8125,-0.02282418,-0.51743811
26886.71875,-0.02593949,-0.48502743
26890.625,-0.03669971,-0.45194480
26894.53125,-0.01282812,-0.42535615
26898.4375,-0.00821971,-0.41539505
26902.34375,-0.01806213,-0.42643562
26906.25,-0.02487764,-0.44815570
26910.15625,-0.02697028,-0.46249914
26914.0625,-0.01836497,-0.45898688
26917.96875,-0.02900046,-0.44140694
26921.875,-0.00933071,-0.42227075
26925.78125,-0.01374609,-0.41250226
26929.6875,-0.01663662,-0.41429624
26933.59375,-0.01825536,-0.42180461
26937.5,-0.02470990,-0.42830905
26941.40625,-0.01254108,-0.43236604
26945.3125,-0.01654764,-0.43622014
26949.21875,-0.02038610,-0.43897590
26953.125,-0.02652358,-0.43433067
26957.03125,-0.00937045,-0.41652527
26960.9375,-0.01438966,-0.38700473
26964.84375,-0.00536115,-0.35474733
26968.75,-0.00691369,-0.33053783
26972.65625,0.01852818,-0.31787539
26976.5625,-0.00417510,-0.30605048
26980.46875,0.00099066,-0.27470604
26984.375,0.02289199,-0.20994689
26988.28125,0.02862773,-0.11748625
26992.1875,0.06455468,-0.02091961
26996.09375,0.06015107,0.05251745
27000.0,0.07103313,0.08849811
27003.90625,0.08211970,0.09444042
27007.8125,0.06042125,0.09393413
27011.71875,0.07447406,0.10787895
27015.625,0.07907533,0.13673829
27019.53125,0.08352680,0.16138752
27023.4375,0.09639142,0.16183928
27027.34375,0.07840582,0.13395634
27031.25,0.04766757,0.08732341
27035.15625,0.08286822,0.03126946
27039.0625,0.05547449,-0.02985840
27042.96875,0.02070882,-0.09132057
27046.875,0.03952899,-0.14879973
27050.78125,0.02585108,-0.20314023
27054.6875,0.00579332,-0.25698152
27058.59375,0.00555728,-0.30862743
27062.5,0.00368065,-0.35188493
27066.40625,-0.03080676,-0.38069919
27070.3125,-0.00074972,-0.39520040
27074.21875,-0.00616085,-0.40253368
27078.125,-0.01325456,-0.40895054
27082.03125,-0.03020109,-0.41432372
27085.9375,-0.01272777,-0.41770035
27089.84375,-0.01076581,-0.42306218
27093.75,-0.00649579,-0.43461198
27097.65625,-0.04226824,-0.45023566
27101.5625,-0.01641677,-0.46482882
27105.46875,-0.03175913,-0.47796902
27109.375,-0.01451795,-0.49438024
27113.28125,-0.04080686,-0.51841778
27117.1875,-0.03380038,-0.55195946
27121.09375,-0.06499636,-0.59921592
27125.0,-0.05790786,-0.67023027
27128.90625,-0.05402778,-0.76790315
27132.8125,-0.09173014,-0.85792708
27136.71875,-0.09453725,-0.84965360
27140.625,-0.05012668,-0.61578870
27144.53125,0.04883926,-0.04488290
27148.4375,0.20383008,0.90074366
27152.34375,0.42341071,2.14431095
27156.25,0.65449595,3.48797536
27160.15625,0.86100519,4.65352440
27164.0625,1.01391208,5.36729383
27167.96875,0.98786408,5.45675468
27171.875,0.92312866,4.90993738
27175.78125,0.73554391,3.86964750
27179.6875,0.46258280,2.57034826
27183.59375,0.27758852,1.25055885
27187.5,0.08513293,0.08766596
27191.40625,-0.07705337,-0.81720901
27195.3125,-0.20144600,-1.42511487
27199.21875,-0.24869321,-1.74787092
27203.125,-0.25666144,-1.83749473
27207.03125,-0.23239204,-1.76270938
27210.9375,-0.21794750,-1.58333457
27214.84375,-0.19038403,-1.34460306
27218.75,-0.12570862,-1.08897114
27222.65625,-0.08610696,-0.86055332
27226.5625,-0.06184895,-0.69226050
27230.46875,-0.04151962,-0.59177637
27234.375,-0.03295383,-0.54079467
27238.28125,-0.03126198,-0.50678194
27242.1875,-0.03149628,-0.46260655
27246.09375,-0.01680518,-0.40598038
27250.0,0.00343755,-0.36164123
27253.90625,0.01929176,-0.35703459
27257.8125,-0.02629476,-0.39264071
27261.71875,-0.02516638,-0.44015908
27265.625,-0.01678753,-0.46853292
27269.53125,-0.02066804,-0.46628940
27273.4375,-0.02808760,-0.44296277
27277.34375,0.00614333,-0.41658774
27281.25,-0.00981421,-0.39727733
27285.15625,-0.02343705,-0.37977344
27289.0625,-0.00290490,-0.35450903
27292.96875,0.01653900,-0.32212204
27296.875,0.01243485,-0.29000735
27300.78125,0.00769495,-0.25866237
27304.6875,0.01468766,-0.22051160
27308.59375,0.03129879,-0.17230657
27312.5,0.04648270,-0.12258255
27316.40625,0.04311195,-0.08419175
27320.3125,0.04868674,-0.06079753
27324.21875,0.05537046,-0.04167451
27328.125,0.04753052,-0.01039169
27332.03125,0.07484171,0.04033710
27335.9375,0.07584486,0.10294007
27339.84375,0.09241084,0.16419281
27343.75,0.09167065,0.21742207
27347.65625,0.11137257,0.26533273
27351.5625,0.11972766,0.31516013
27355.46875,0.10888194,0.37220189
27359.375,0.14046769,0.43488121
27363.28125,0.15893640,0.49761036
27367.1875,0.15866283,0.56172049
27371.09375,0.15357637,0.63785708
27375.0,0.19083492,0.73105317
27378.90625,0.21319038,0.82833344
27382.8125,0.21311612,0.90783262
27386.71875,0.23543270,0.95813674
27390.625,0.21652141,0.98535854
27394.53125,0.24532442,1.00438869
27398.4375,0.24841672,1.02808845
27402.34375,0.21964912,1.06203926
27406.25,0.25928113,1.10123634
27410.15625,0.27249408,1.13211739
27414.0625,0.25656858,1.14481378
27417.96875,0.25505987,1.14242613
27421.875,0.24468242,1.13433492
27425.78125,0.27137649,1.12465072
27429.6875,0.25987655,1.11215186
27433.59375,0.24167803,1.09734917
27437.5,0.25253236,1.08249712
27441.40625,0.23762780,1.06459486
27445.3125,0.24897221,1.03317821
27449.21875,0.23940989,0.97849637
27453.125,0.21556361,0.90212882
27457.03125,0.18947436,0.81653768
27460.9375,0.20374337,0.73330867
27464.84375,0.17191386,0.65557796
27468.75,0.16450812,0.58164740
27472.65625,0.15075205,0.51007313
27476.5625,0.13869794,0.43924358
27480.46875,0.12828113,0.36535263
27484.375,0.10785400,0.28377628
27488.28125,0.10026697,0.19384906
27492.1875,0.08840199,0.10320925
27496.09375,0.06441702,0.02628762
27500.0,0.04823379,-0.02528000
27503.90625,0.06207697,-0.05258129
27507.8125,0.05577591,-0.06839132
27511.71875,0.04718697,-0.08706139
27515.625,0.04333210,-0.11709539
27519.53125,0.03847323,-0.15966925
27523.4375,0.02674237,-0.20938300
27527.34375,0.01797324,-0.25803998
27531.25,0.01230439,-0.30099940
27535.15625,0.01158469,-0.33860770
27539.0625,-0.00104607,-0.37042430
27542.96875,-0.00460788,-0.39186513
27546.875,-0.00592197,-0.39971742
27550.78125,-0.00281284,-0.39879021
27554.6875,-0.00495865,-0.39972505
27558.59375,0.00237554,-0.40938255
27562.5,-0.00914443,-0.42358679
27566.40625,-0.01426786,-0.43020737
27570.3125,-0.01332093,-0.42106420
27574.21875,0.00678953,-0.40089193
27578.125,-0.00148805,-0.38355064
27582.03125,0.00229778,-0.38023883
27585.9375,-0.00823366,-0.39251527
27589.84375,-0.00272749,-0.41507369
27593.75,-0.00872888,-0.44229507
27597.65625,-0.01523529,-0.47102386
27601.5625,-0.02166189,-0.49807817
27605.46875,-0.01766565,-0.51676708
27609.375,-0.02709039,-0.51777995
27613.28125,-0.01471877,-0.49573231
27617.1875,-0.02108225,-0.45619085
27621.09375,-0.00080335,-0.41582295
27625.0,0.00674943,-0.39348826
27628.90625,-0.00309491,-0.39879748
27632.8125,-0.01458019,-0.42817816
27636.71875,-0.00528890,-0.47003588
27640.625,-0.02946114,-0.51101655
27644.53125,-0.01076795,-0.53833985
27648.4375,-0.03427352,-0.54126012
27652.34375,-0.02863166,-0.51630050
27656.25,-0.00806581,-0.47383729
27660.15625,-0.00458194,-0.43592954
27664.0625,0.00190206,-0.42217329
27667.96875,-0.01890666,-0.43579236
27671.875,0.00107253,-0.46258995
27675.78125,-0.02259274,-0.48202714
27679.6875,-0.01567719,-0.48145148
27683.59375,-0.00956224,-0.46397519
27687.5,-0.01012523,-0.44417608
27691.40625,0.00693277,-0.43552703
27695.3125,-0.01558042,-0.44140851
27699.21875,-0.01181996,-0.45710936
27703.125,-0.01401517,-0.47751412
27707.03125,-0.00871325,-0.49949291
27710.9375,-0.02051767,-0.51741391
27714.84375,-0.01842523,-0.52117610
27718.75,-0.02967822,-0.50276577
27722.65625,0.00263667,-0.46524623
27726.5625,-0.01065767,-0.42373106
27730.46875,0.01403672,-0.39650747
27734.375,-0.01286051,-0.39434630
27738.28125,0.01410529,-0.41508630
27742.1875,-0.00603837,-0.44444659
27746.09375,-0.01993999,-0.46347418
27750.0,-0.00844261,-0.46103173
27753.90625,0.00214522,-0.44095314
27757.8125,-0.00037226,-0.41608456
27761.71875,0.00696719,-0.39758748
27765.625,-0.00984593,-0.39126340
27769.53125,0.01358007,-0.39929077
27773.4375,0.00237918,-0.41928610
27777.34375,-0.00681103,-0.44178554
27781.25,-0.00760445,-0.45376071
27785.15625,-0.00456171,-0.44753140
27789.0625,-0.00958741,-0.42672592
27792.96875,0.01616919,-0.40367964
27796.875,0.00726233,-0.38876766
27800.78125,-0.00018469,-0.38010007
27804.6875,0.01575249,-0.36433563
27808.59375,0.01108876,-0.32806647
27812.5,0.02718737,-0.26919279
27816.40625,0.03885071,-0.19949380
27820.3125,0.05796960,-0.13631897
27824.21875,0.05541327,-0.09016781
27828.125,0.06194243,-0.05960849
27832.03125,0.06578577,-0.03634616
27835.9375,0.07734922,-0.01191278
27839.84375,0.07923562,0.02005802
27843.75,0.08338415,0.06198148
27847.65625,0.08447988,0.10704564
27851.5625,0.10073616,0.13740885
27855.46875,0.11854950,0.13517649
27859.375,0.07602768,0.09895387
27863.28125,0.08909314,0.04671987
27867.1875,0.07402431,0.00132930
27871.09375,0.06496260,-0.02651449
27875.0,0.06501836,-0.04585654
27878.90625,0.07456760,-0.07831296
27882.8125,0.06389645,-0.13758133
27886.71875,0.01513584,-0.21440388
27890.625,0.03738896,-0.28562251
27894.53125,0.01394426,-0.33601284
27898.4375,0.01800535,-0.36770147
27902.34375,0.00381736,-0.39239761
27906.25,0.01769690,-0.41878361
27910.15625,-0.01353743,-0.44611180
27914.0625,0.00019755,-0.46783453
27917.96875,-0.00241656,-0.47924775
27921.875,-0.00840730,-0.48019353
27925.78125,-0.00655433,-0.47299743
27929.6875,0.01144069,-0.46031392
27933.59375,-0.01600863,-0.44477946
27937.5,0.01048710,-0.43136969
27941.40625,0.00546543,-0.42888176
27945.3125,0.00490471,-0.44521371
27949.21875,-0.00696502,-0.48146346
27953.125,-0.01838795,-0.53432405
27957.03125,-0.03050459,-0.60386074
27960.9375,-0.03674895,-0.69185507
27964.84375,-0.04337599,-0.78160793
27968.75,-0.06405754,-0.81170434
27972.65625,-0.02724097,-0.67154473
27976.5625,0.02876922,-0.23576707
27980.46875,0.16914079,0.57238501
27984.375,0.37188885,1.72042990
27988.28125,0.59920543,3.04454970
27992.1875,0.83437401,4.28462505
27996.09375,0.97996169,5.16482306
28000.0,1.03102303,5.48323917
28003.90625,0.97844464,5.17131567
28007.8125,0.82812256,4.30418539
28011.71875,0.60084879,3.06674552
28015.625,0.37857589,1.69432545
28019.53125,0.15262742,0.41097751
28023.4375,-0.04339527,-0.61906427
28027.34375,-0.14129668,-1.31938434
28031.25,-0.20564657,-1.69999659
28035.15625,-0.23489738,-1.82617712
28039.0625,-0.22119579,-1.77821767
28042.96875,-0.20245062,-1.62584364
28046.875,-0.17068346,-1.42221916
28050.78125,-0.11424179,-1.20672333
28054.6875,-0.09988903,-1.00603116
28058.59375,-0.05547574,-0.83417791
28062.5,-0.05269552,-0.69648027
28066.40625,0.00141798,-0.59412444
28070.3125,-0.02637749,-0.52459812
28074.21875,0.00856239,-0.48143315
28078.125,0.00410229,-0.45616493
28082.03125,0.00646343,-0.43955135
28085.9375,0.00884276,-0.42307463
28089.84375,0.00374825,-0.40352061
28093.75,0.03857662,-0.38462910
28097.65625,0.00976004,-0.37118536
28101.5625,0.00515290,-0.36461115
28105.46875,0.03986366,-0.36520201
28109.375,0.02405020,-0.37114626
28113.28125,0.00336753,-0.37447485
28117.1875,0.02495989,-0.36671081
28121.09375,0.02193573,-0.34903559
28125.0,0.03567825,-0.33024555
28128.90625,0.02756807,-0.31483623
28132.8125,0.03267635,-0.29713899
28136.71875,0.03835626,-0.26763096
28140.625,0.03458242,-0.22392242
28144.53125,0.06967497,-0.17463924
28148.4375,0.06075603,-0.13108066
28152.34375,0.06644105,-0.09591885
28156.25,0.07316974,-0.06247414
28160.15625,0.08152857,-0.02366275
28164.0625,0.08325846,0.02139347
28167.96875,0.10898735,0.06969307
28171.875,0.10828184,0.12147169
28175.78125,0.10505202,0.18148389
28179.6875,0.12948786,0.25061128
28183.59375,0.14478570,0.32056722
28187.5,0.16317934,0.38324615
28191.40625,0.15838248,0.44329932
28195.3125,0.16290161,0.51443726
28199.21875,0.19677150,0.60236597
28203.125,0.20677857,0.69632441
28207.03125,0.22501300,0.77865040
28210.9375,0.23162779,0.83970416
28214.84375,0.24169978,0.88382733
28218.75,0.23895842,0.92356390
28222.65625,0.25742489,0.96799809
28226.5625,0.25807068,1.01508009
28230.46875,0.27862668,1.05497301
28234.375,0.26998430,1.08097398
28238.28125,0.27949265,1.09684312
28242.1875,0.27960715,1.11354041
28246.09375,0.28002641,1.13819003
28250.0,0.27529082,1.16436088
28253.90625,0.31985137,1.17479718
28257.8125,0.27806669,1.15779686
28261.71875,0.27281177,1.11882889
28265.625,0.27802515,1.07299793
28269.53125,0.26672694,1.03075457
28273.4375,0.25257728,0.99323827
28277.34375,0.26743269,0.95646518
28281.25,0.24019265,0.91725004
28285.15625,0.23211740,0.87506163
28289.0625,0.24035646,0.82846284
28292.96875,0.21712218,0.77316779
28296.875,0.21389367,0.70643705
28300.78125,0.20498936,0.63235199
28304.6875,0.17064784,0.56011599
28308.59375,0.17744114,0.49465334
28312.5,0.16609541,0.42981204
28316.40625,0.14971688,0.35434264
28320.3125,0.14028813,0.26484099
28324.21875,0.11239383,0.17110959
28328.125,0.10245364,0.08928620
28332.03125,0.09687714,0.03113091
28335.9375,0.09083678,-0.00121831
28339.84375,0.07490458,-0.01488965
28343.75,0.10271657,-0.02320798
28347.65625,0.07458708,-0.03947836
28351.5625,0.06827797,-0.07139958
28355.46875,0.07933579,-0.12083066
28359.375,0.05560794,-0.18415907
28363.28125,0.04892211,-0.24997674
28367.1875,0.03669597,-0.30141985
28371.09375,0.01512428,-0.32749516
28375.0,0.04772148,-0.33347124
28378.90625,0.03555612,-0.33656275
28382.8125,0.02071804,-0.35024962
28386.71875,0.02894933,-0.37546274
28390.625,0.01740748,-0.40550542
28394.53125,0.00795533,-0.43503451
28398.4375,0.01870682,-0.46322584
28402.34375,0.00731371,-0.48897702
28406.25,-0.00230025,-0.50564110
28410.15625,0.00125428,-0.50531995
28414.0625,-0.00193922,-0.48928994
28417.96875,0.01872322,-0.46986768
28421.875,0.01523483,-0.45872235
28425.78125,0.00892545,-0.45528460
28429.6875,0.00228228,-0.45082560
28433.59375,0.00972458,-0.44332471
28437.5,0.02884872,-0.44226831
28441.40625,0.00778699,-0.45601228
28445.3125,0.00679649,-0.47852257
28449.21875,0.00435054,-0.49157181
28453.125,0.00701379,-0.47921631
28457.03125,-0.00218093,-0.44254914
28460.9375,0.04067364,-0.40308908
28464.84375,0.02241247,-0.38787204
28468.75,0.01519151,-0.40764689
28472.65625,0.01118649,-0.45027423
28476.5625,0.00899415,-0.49235445
28480.46875,-0.00115537,-0.51360101
28484.375,0.00283305,-0.50546694
28488.28125,-0.00421148,-0.47521913
28492.1875,0.03495814,-0.44259647
28496.09375,0.00862545,-0.42605755
28500.0,0.01974378,-0.42922759
28503.90625,0.00395435,-0.44251525
28507.8125,0.01166280,-0.45660004
28511.71875,0.02382807,-0.46945894
28515.625,-0.00052270,-0.48058116
28519.53125,-0.00208095,-0.48657307
28523.4375,0.01065363,-0.48710558
28527.34375,0.01159663,-0.48868841
28531.25,0.00403707,-0.49608713
28535.15625,0.00554926,-0.50278646
28539.0625,-0.00615828,-0.49543574
28542.96875,0.01622911,-0.46881929
28546.875,0.00827835,-0.43399665
28550.78125,0.03049672,-0.40924561
28554.6875,0.02337875,-0.40254071
28558.59375,0.01580798,-0.40465549
28562.5,0.01311406,-0.40155843
28566.40625,0.01968784,-0.39232540
28570.3125,0.03472429,-0.39031884
28574.21875,0.03174287,-0.40512234
28578.125,-0.00207363,-0.42839083
28582.03125,0.01076206,-0.44229788
28585.9375,0.02559277,-0.43841100
28589.84375,0.00631714,-0.42347071
28593.75,0.04320443,-0.40970549
28597.65625,-0.00789446,-0.40465480
28601.5625,0.02738925,-0.40983978
28605.46875,0.03198001,-0.42282376
28609.375,0.00662096,-0.43588603
28613.28125,0.00962492,-0.43774509
28617.1875,0.01194384,-0.42267388
28621.09375,0.03501962,-0.39517620
28625.0,0.02655583,-0.36284009
28628.90625,0.03387989,-0.32831809
28632.8125,0.02707915,-0.29131475
28636.71875,0.05303871,-0.25518140
28640.625,0.05892115,-0.22603776
28644.53125,0.05381014,-0.20464955
28648.4375,0.04738802,-0.18323435
28652.34375,0.07582529,-0.15180840
28656.25,0.06166366,-0.10594329
28660.15625,0.08954051,-0.04982082
28664.0625,0.08307098,0.00526218
28667.96875,0.10332783,0.04712256
28671.875,0.11100311,0.07187154
28675.78125,0.09997834,0.08756172
28679.6875,0.09252892,0.10494574
28683.59375,0.12560399,0.12377346
28687.5,0.11360484,0.13220663
28691.40625,0.11229394,0.11940683
28695.3125,0.09700488,0.08420380
28699.21875,0.09877556,0.03320818
28703.125,0.08513092,-0.02352037
28707.03125,0.08670927,-0.07476706
28710.9375,0.05829159,-0.11217893
28714.84375,0.06574031,-0.13725366
28718.75,0.05615614,-0.16396153
28722.65625,0.07045595,-0.20903207
28726.5625,0.04472483,-0.27500021
28730.46875,0.02018117,-0.34412533
28734.375,0.01020242,-0.39324310
28738.28125,0.02597137,-0.41429895
28742.1875,0.02466986,-0.41675588
28746.09375,0.02583450,-0.41169631
28750.0,0.00201953,-0.40102160
28753.90625,0.02319383,-0.38527173
28757.8125,0.02690423,-0.37506655
28761.71875,0.03582810,-0.38591149
28765.625,0.00769613,-0.42121655
28769.53125,0.00921300,-0.46522188
28773.4375,0.00604093,-0.49391428
28777.34375,-0.00217368,-0.49341473
28781.25,0.00266097,-0.47325632
28785.15625,0.01428132,-0.46559793
28789.0625,0.00611130,-0.50654572
28792.96875,-0.02321143,-0.60864669
28796.875,-0.03159437,-0.74004197
28800.78125,-0.03902813,-0.81847000
28804.6875,-0.05590535,-0.72604692
28808.59375,0.03294408,-0.34899271
28812.5,0.14795110,0.37300125
28816.40625,0.34013855,1.41473806
28820.3125,0.53839988,2.65888309
28824.21875,0.75374663,3.90676069
28828.125,0.94680303,4.91033602
28832.03125,1.03959644,5.43650150
28835.9375,1.02293205,5.34820223
28839.84375,0.88925403,4.65716362
28843.75,0.69537008,3.51608324
28847.65625,0.46703407,2.16087031
28851.5625,0.21532558,0.83595383
28855.46875,0.03706308,-0.27075183
28859.375,-0.08892934,-1.06373894
28863.28125,-0.17090353,-1.53564537
28867.1875,-0.21568571,-1.73521864
28871.09375,-0.21736015,-1.73453259
28875.0,-0.18107313,-1.60797107
28878.90625,-0.15498666,-1.41858006
28882.8125,-0.13041815,-1.21083903
28886.71875,-0.08655057,-1.01270318
28890.625,-0.04902511,-0.84070385
28894.53125,-0.03980148,-0.70156872
28898.4375,-0.01873318,-0.59502786
28902.34375,-0.00349374,-0.51985794
28906.25,0.01956432,-0.47450989
28910.15625,-0.00477448,-0.45085630
28914.0625,0.02720411,-0.43284178
28917.96875,-0.00473878,-0.40624464
28921.875,0.03269501,-0.37037036
28925.78125,0.03630638,-0.33797783
28929.6875,0.02737014,-0.32213280
28933.59375,0.02774936,-0.32435587
28937.5,0.03555217,-0.33496749
28941.40625,0.01870632,-0.34140563
28945.3125,0.03318684,-0.33600280
28949.21875,0.03915111,-0.31824479
28953.125,0.02130494,-0.29218835
28957.03125,0.04508301,-0.26414245
28960.9375,0.05885768,-0.23998855
28964.84375,0.03811255,-0.21976787
28968.75,0.05169436,-0.19711995
28972.65625,0.05493974,-0.16763216
28976.5625,0.06375933,-0.13504252
28980.46875,0.07848781,-0.10624856
28984.375,0.06572811,-0.08178070
28988.28125,0.07278596,-0.05420646
28992.1875,0.08501666,-0.01594411
28996.09375,0.09298727,0.03419162
29000.0,0.10666343,0.09227858
29003.90625,0.10260884,0.15338999
29007.8125,0.13085477,0.21351707
29011.71875,0.13195257,0.27110279
29015.625,0.13912100,0.32850057
29019.53125,0.15599383,0.38994992
29023.4375,0.16461825,0.45724556
29027.34375,0.16987644,0.52808559
29031.25,0.19911085,0.59921712
29035.15625,0.20043077,0.67251015
29039.0625,0.22248854,0.75674641
29042.96875,0.21114849,0.85757589
29046.875,0.26233733,0.96339363
29050.78125,0.27292302,1.04769373
29054.6875,0.27733177,1.09126627
29058.59375,0.27082390,1.09994483
29062.5,0.27419838,1.09809279
29066.40625,0.26639512,1.10709476
29070.3125,0.29472011,1.13159776
29074.21875,0.27914694,1.16315866
29078.125,0.29606789,1.19133556
29082.03125,0.28270355,1.20941341
29085.9375,0.31694973,1.21531045
29089.84375,0.27696857,1.21197152
29093.75,0.28790572,1.20309889
29097.65625,0.29794148,1.18582582
29101.5625,0.29148486,1.15337944
29105.46875,0.27455589,1.10690951
29109.375,0.25148225,1.05792665
29113.28125,0.27546668,1.01679254
29117.1875,0.24832806,0.98286355
29121.09375,0.24196160,0.94516242
29125.0,0.25544941,0.88991660
29128.90625,0.20889181,0.81084567
29132.8125,0.22003374,0.71576333
29136.71875,0.18340051,0.62244833
29140.625,0.17892966,0.54688722
29144.53125,0.17832176,0.49395528
29148.4375,0.14724822,0.45570290
29152.34375,0.16393860,0.41552034
29156.25,0.15103959,0.35678634
29160.15625,0.12839310,0.27401760
29164.0625,0.11932101,0.17824708
29167.96875,0.09361979,0.09036167
29171.875,0.08497731,0.02675042
29175.78125,0.07981329,-0.01186775
29179.6875,0.09184094,-0.03858683
29183.59375,0.06984758,-0.06745256
29187.5,0.04884438,-0.10501821
29191.40625,0.07390100,-0.15309186
29195.3125,0.04071660,-0.21101302
29199.21875,0.04375093,-0.27139598
29203.125,0.02296143,-0.31886968
29207.03125,0.03313651,-0.33747083
29210.9375,0.01120756,-0.32192853
29214.84375,0.04109547,-0.28529316
29218.75,0.04483940,-0.25434753
29222.65625,0.04510817,-0.25122973
29226.5625,0.03557529,-0.27551556
29230.46875,0.02915442,-0.30431604
29234.375,0.02091371,-0.31233889
29238.28125,0.03109691,-0.29576126
29242.1875,0.04576036,-0.27780181
29246.09375,0.03663402,-0.28854230
29250.0,0.02239374,-0.33738744
29253.90625,0.01814045,-0.40349507
29257.8125,0.00218047,-0.45002490
29261.71875,0.00491387,-0.44894728
29265.625,0.00768756,-0.39982358
29269.53125,0.03200445,-0.33095124
29273.4375,0.04085160,-0.28094032
29277.34375,0.04463648,-0.27317184
29281.25,0.01784814,-0.30331415
29285.15625,0.03103774,-0.34812757
29289.0625,0.01550562,-0.38352847
29292.96875,0.01103524,-0.39691302
29296.875,0.02245075,-0.39025849
29300.78125,0.01850982,-0.37592170
29304.6875,0.02338667,-0.36774746
29308.59375,0.01746138,-0.37276039
29312.5,0.02042848,-0.38803580
29316.40625,0.01178967,-0.40375310
29320.3125,0.01680459,-0.41048971
29324.21875,0.01156865,-0.40584111
29328.125,0.01615693,-0.39521390
29332.03125,0.02189277,-0.38660946
29335.9375,0.01322999,-0.38436964
29339.84375,0.03558250,-0.38658214
29343.75,-0.00483804,-0.38766983
29347.65625,0.03121164,-0.38466692
29351.5625,0.01275572,-0.38142502
29355.46875,0.02639531,-0.38545677
29359.375,0.01761825,-0.40023765
29363.28125,0.00893401,-0.42039719
29367.1875,0.01629116,-0.43424416
29371.09375,-0.00275832,-0.43295234
29375.0,0.01945197,-0.41884929
29378.90625,0.03438231,-0.40234050
29382.8125,-0.00109573,-0.39011124
29386.71875,0.02757026,-0.38096535
29390.625,0.02078512,-0.37296069
29394.53125,0.02521473,-0.36840671
29398.4375,0.01770369,-0.37132668
29402.34375,0.03271203,-0.38305342
29406.25,0.01162807,-0.39966649
29410.15625,0.01327262,-0.41409221
29414.0625,0.00575759,-0.42304090
29417.96875,0.03558318,-0.42988476
29421.875,0.00391668,-0.43807149
29425.78125,0.00333880,-0.44563109
29429.6875,0.01101332,-0.44938648
29433.59375,0.02149258,-0.44992727
29437.5,0.00445217,-0.44989380
29441.40625,0.00876540,-0.45194247
29445.3125,0.01089669,-0.45881641
29449.21875,0.01360566,-0.46974683
29453.125,0.00281379,-0.47623652
29457.03125,0.01169896,-0.46644664
29460.9375,0.00921436,-0.43584841
29464.84375,0.02053061,-0.39262584
29468.75,0.03174254,-0.35181552
29472.65625,0.05228920,-0.32219157
29476.5625,0.02111812,-0.29828137
29480.46875,0.04186600,-0.26815322
29484.375,0.05683519,-0.22826536
29488.28125,0.06366412,-0.18540308
29492.1875,0.07110122,-0.14498727
29496.09375,0.05912993,-0.10465456
29500.0,0.08693650,-0.06054448
29503.90625,0.10512723,-0.01318531
29507.8125,0.08194361,0.03453583
29511.71875,0.10290717,0.07792016
29515.625,0.12506701,0.10758187
29519.53125,0.11428113,0.11370154
29523.4375,0.10502807,0.09473046
29527.34375,0.10329580,0.05739531
29531.25,0.09049438,0.00888116
29535.15625,0.09951279,-0.04740379
29539.0625,0.07390583,-0.10922340
29542.96875,0.05655719,-0.17262304
29546.875,0.06193199,-0.23253348
29550.78125,0.05191133,-0.28373820
29554.6875,0.02585926,-0.32222840
29558.59375,0.05373339,-0.34878027
29562.5,0.02647700,-0.36965916
29566.40625,0.01811279,-0.39262152
29570.3125,0.04036162,-0.42326224
29574.21875,0.01929025,-0.46156085
29578.125,0.00185390,-0.49924731
29582.03125,0.01658291,-0.52397496
29585.9375,0.00149122,-0.52822751
29589.84375,0.00669227,-0.51469958
29593.75,0.02960760,-0.49464265
29597.65625,0.00381361,-0.48078498
29601.5625,0.02383835,-0.48037770
29605.46875,0.01973078,-0.49233925
29609.375,0.01092496,-0.50843728
29613.28125,0.00853798,-0.52109128
29617.1875,0.00127851,-0.53670478
29621.09375,0.00904628,-0.57937276
29625.0,-0.00052178,-0.67117989
29628.90625,-0.04593448,-0.80054682
29632.8125,-0.04819461,-0.90620607
29636.71875,-0.04262370,-0.88735944
29640.625,-0.00054600,-0.62975323
29644.53125,0.08913496,-0.04193776
29648.4375,0.24526186,0.89896387
29652.34375,0.48230195,2.10924459
29656.25,0.68785787,3.39590287
29660.15625,0.87973338,4.49862194
29664.0625,1.01457942,5.16396761
29667.96875,1.02870047,5.22950459
29671.875,0.91565681,4.68290281
29675.78125,0.73493665,3.66077590
29679.6875,0.52852857,2.38844514
29683.59375,0.28442824,1.09898007
29687.5,0.09762863,-0.03090331
29691.40625,-0.03297545,-0.90839887
29695.3125,-0.14382732,-1.51248741
29699.21875,-0.21235372,-1.86152077
29703.125,-0.23441491,-1.98908985
29707.03125,-0.22003584,-1.93729675
29710.9375,-0.19255663,-1.75788450
29714.84375,-0.15316623,-1.51181078
29718.75,-0.08251927,-1.26087236
29722.65625,-0.07731007,-1.05068886
29726.5625,-0.04370556,-0.89811361
29730.46875,-0.01062029,-0.79516435
29734.375,-0.01330134,-0.72373271
29738.28125,-0.00105573,-0.66957992
29742.1875,0.01297126,-0.62954575
29746.09375,0.01032862,-0.60843736
29750.0,0.02307976,-0.60861385
29753.90625,0.01065336,-0.62299180
29757.8125,0.00271105,-0.63864559
29761.71875,0.01864929,-0.64602560
29765.625,0.00625439,-0.64293474
29769.53125,0.01340779,-0.63154131
29773.4375,0.01647497,-0.61587363
29777.34375,0.02459005,-0.60184759
29781.25,0.01884728,-0.59475905
29785.15625,0.03192827,-0.59316987
29789.0625,0.01000266,-0.58670825
29792.96875,0.03515850,-0.56518567
29796.875,0.02664756,-0.53177738
29800.78125,0.06594261,-0.50184637
29804.6875,0.02837421,-0.48530200
29808.59375,0.04121861,-0.47539398
29812.5,0.06110094,-0.45809475
29816.40625,0.05883457,-0.42657918
29820.3125,0.05952172,-0.38378599
29824.21875,0.07629695,-0.33688611
29828.125,0.07094905,-0.29302332
29832.03125,0.10943231,-0.25625414
29835.9375,0.09468587,-0.22271171
29839.84375,0.09668121,-0.17994606
29843.75,0.10318385,-0.11782939
29847.65625,0.14541410,-0.04067685
29851.5625,0.14459422,0.03624775
29855.46875,0.14581077,0.10068928
29859.375,0.18262486,0.15049963
29863.28125,0.15529327,0.19142388
29867.1875,0.18785603,0.23311204
29871.09375,0.18838242,0.28615111
29875.0,0.21179795,0.35835320
29878.90625,0.21279876,0.44826934
29882.8125,0.23245734,0.54086870
29886.71875,0.26410869,0.61601526
29890.625,0.25002953,0.66626614
29894.53125,0.28780407,0.70296288
29898.4375,0.25323215,0.74092430
29902.34375,0.28017819,0.77955627
29906.25,0.30171320,0.80355793
29910.15625,0.28431365,0.80119127
29914.0625,0.28685620,0.77548116
29917.96875,0.28096592,0.73755258
29921.875,0.26345325,0.69690114
29925.78125,0.26694655,0.65903807
29929.6875,0.26946580,0.62571144
29933.59375,0.25655884,0.59483188
29937.5,0.25099123,0.56231725
29941.40625,0.25236088,0.52522081
29945.3125,0.23229611,0.48247427
29949.21875,0.23499739,0.43220446
29953.125,0.22529915,0.37059417
29957.03125,0.21590339,0.29583272
29960.9375,0.20063928,0.21156490
29964.84375,0.17206614,0.12406052
29968.75,0.16805387,0.03739689
29972.65625,0.15812537,-0.04614286
29976.5625,0.15603264,-0.12085488
29980.46875,0.14080970,-0.17288035
29984.375,0.12979713,-0.18148178
29988.28125,0.12907888,-0.13521764
29992.1875,0.11099276,-0.06140953
29996.09375,0.10834230,-0.01149428
